[0313/151753.633:ERROR:process_memory_win.cc(73)] ReadMemory at 0x450000 of 64 bytes failed: 仅完成部分的 ReadProcessMemory 或 WriteProcessMemory 请求。 (0x12B)
[0313/151753.638:WARNING:pe_image_reader.cc(340)] could not read dos header from C:\Program Files (x86)\Chromebrowser\Chrome.exe
[0313/151753.638:ERROR:process_memory_win.cc(73)] ReadMemory at 0x774c0000 of 64 bytes failed: 仅完成部分的 ReadProcessMemory 或 WriteProcessMemory 请求。 (0x12B)
[0313/151753.638:WARNING:pe_image_reader.cc(340)] could not read dos header from C:\Windows\SYSTEM32\ntdll.dll
[0313/151753.638:ERROR:process_memory_win.cc(73)] ReadMemory at 0x753b0000 of 64 bytes failed: 仅完成部分的 ReadProcessMemory 或 WriteProcessMemory 请求。 (0x12B)
[0313/151753.638:WARNING:pe_image_reader.cc(340)] could not read dos header from C:\Windows\System32\KERNEL32.DLL
[0313/151753.640:ERROR:process_memory_win.cc(73)] ReadMemory at 0x76ff0000 of 64 bytes failed: 仅完成部分的 ReadProcessMemory 或 WriteProcessMemory 请求。 (0x12B)
[0313/151753.640:WARNING:pe_image_reader.cc(340)] could not read dos header from C:\Windows\System32\KERNELBASE.dll
[0313/151753.640:ERROR:process_memory_win.cc(73)] ReadMemory at 0x7a3e0000 of 64 bytes failed: 仅完成部分的 ReadProcessMemory 或 WriteProcessMemory 请求。 (0x12B)
[0313/151753.640:WARNING:pe_image_reader.cc(340)] could not read dos header from C:\Program Files (x86)\Chromebrowser\86.0.4240.198\gnelf.dll
[0313/151753.640:ERROR:process_memory_win.cc(73)] ReadMemory at 0x73870000 of 64 bytes failed: 仅完成部分的 ReadProcessMemory 或 WriteProcessMemory 请求。 (0x12B)
[0313/151753.640:WARNING:pe_image_reader.cc(340)] could not read dos header from C:\Windows\SYSTEM32\VERSION.dll
[0313/151753.640:ERROR:process_memory_win.cc(73)] ReadMemory at 0x76f20000 of 64 bytes failed: 仅完成部分的 ReadProcessMemory 或 WriteProcessMemory 请求。 (0x12B)
[0313/151753.640:WARNING:pe_image_reader.cc(340)] could not read dos header from C:\Windows\System32\msvcrt.dll
[0313/151753.640:ERROR:process_memory_win.cc(73)] ReadMemory at 0x75090000 of 64 bytes failed: 仅完成部分的 ReadProcessMemory 或 WriteProcessMemory 请求。 (0x12B)
[0313/151753.640:WARNING:pe_image_reader.cc(340)] could not read dos header from C:\Windows\System32\ADVAPI32.dll
[0313/151753.640:ERROR:process_memory_win.cc(73)] ReadMemory at 0x765b0000 of 64 bytes failed: 仅完成部分的 ReadProcessMemory 或 WriteProcessMemory 请求。 (0x12B)
[0313/151753.640:WARNING:pe_image_reader.cc(340)] could not read dos header from C:\Windows\System32\sechost.dll
[0313/151753.640:ERROR:process_memory_win.cc(73)] ReadMemory at 0x76650000 of 64 bytes failed: 仅完成部分的 ReadProcessMemory 或 WriteProcessMemory 请求。 (0x12B)
[0313/151753.640:WARNING:pe_image_reader.cc(340)] could not read dos header from C:\Windows\System32\bcrypt.dll
[0313/151753.640:ERROR:process_memory_win.cc(73)] ReadMemory at 0x767f0000 of 64 bytes failed: 仅完成部分的 ReadProcessMemory 或 WriteProcessMemory 请求。 (0x12B)
[0313/151753.640:WARNING:pe_image_reader.cc(340)] could not read dos header from C:\Windows\System32\RPCRT4.dll
[0313/151753.640:ERROR:process_memory_win.cc(73)] ReadMemory at 0xf600000 of 64 bytes failed: 仅完成部分的 ReadProcessMemory 或 WriteProcessMemory 请求。 (0x12B)
[0313/151753.640:WARNING:pe_image_reader.cc(340)] could not read dos header from C:\Program Files (x86)\Chromebrowser\86.0.4240.198\chrome.dll
[0313/151753.640:ERROR:process_memory_win.cc(73)] ReadMemory at 0x77450000 of 64 bytes failed: 仅完成部分的 ReadProcessMemory 或 WriteProcessMemory 请求。 (0x12B)
[0313/151753.640:WARNING:pe_image_reader.cc(340)] could not read dos header from C:\Windows\System32\WS2_32.dll
[0313/151753.641:ERROR:process_memory_win.cc(73)] ReadMemory at 0x74f90000 of 64 bytes failed: 仅完成部分的 ReadProcessMemory 或 WriteProcessMemory 请求。 (0x12B)
[0313/151753.641:WARNING:pe_image_reader.cc(340)] could not read dos header from C:\Windows\System32\OLEAUT32.dll
[0313/151753.641:ERROR:process_memory_win.cc(73)] ReadMemory at 0x755c0000 of 64 bytes failed: 仅完成部分的 ReadProcessMemory 或 WriteProcessMemory 请求。 (0x12B)
[0313/151753.641:WARNING:pe_image_reader.cc(340)] could not read dos header from C:\Windows\System32\msvcp_win.dll
[0313/151753.641:ERROR:process_memory_win.cc(73)] ReadMemory at 0x754a0000 of 64 bytes failed: 仅完成部分的 ReadProcessMemory 或 WriteProcessMemory 请求。 (0x12B)
[0313/151753.641:WARNING:pe_image_reader.cc(340)] could not read dos header from C:\Windows\System32\ucrtbase.dll
[0313/151753.641:ERROR:process_memory_win.cc(73)] ReadMemory at 0x76c90000 of 64 bytes failed: 仅完成部分的 ReadProcessMemory 或 WriteProcessMemory 请求。 (0x12B)
[0313/151753.641:WARNING:pe_image_reader.cc(340)] could not read dos header from C:\Windows\System32\combase.dll
[0313/151753.641:ERROR:process_memory_win.cc(73)] ReadMemory at 0x768b0000 of 64 bytes failed: 仅完成部分的 ReadProcessMemory 或 WriteProcessMemory 请求。 (0x12B)
[0313/151753.641:WARNING:pe_image_reader.cc(340)] could not read dos header from C:\Windows\System32\WINTRUST.dll
[0313/151753.641:ERROR:process_memory_win.cc(73)] ReadMemory at 0x751a0000 of 64 bytes failed: 仅完成部分的 ReadProcessMemory 或 WriteProcessMemory 请求。 (0x12B)
[0313/151753.641:WARNING:pe_image_reader.cc(340)] could not read dos header from C:\Windows\System32\CRYPT32.dll
[0313/151753.641:ERROR:process_memory_win.cc(73)] ReadMemory at 0x74860000 of 64 bytes failed: 仅完成部分的 ReadProcessMemory 或 WriteProcessMemory 请求。 (0x12B)
[0313/151753.641:WARNING:pe_image_reader.cc(340)] could not read dos header from C:\Windows\SYSTEM32\dbghelp.dll
[0313/151753.641:ERROR:process_memory_win.cc(73)] ReadMemory at 0x74ca0000 of 64 bytes failed: 仅完成部分的 ReadProcessMemory 或 WriteProcessMemory 请求。 (0x12B)
[0313/151753.641:WARNING:pe_image_reader.cc(340)] could not read dos header from C:\Windows\SYSTEM32\IPHLPAPI.DLL
[0313/151753.642:ERROR:process_memory_win.cc(73)] ReadMemory at 0x730c0000 of 64 bytes failed: 仅完成部分的 ReadProcessMemory 或 WriteProcessMemory 请求。 (0x12B)
[0313/151753.642:WARNING:pe_image_reader.cc(340)] could not read dos header from C:\Windows\SYSTEM32\WINMM.dll
[0313/151753.642:ERROR:process_memory_win.cc(73)] ReadMemory at 0x6a720000 of 64 bytes failed: 仅完成部分的 ReadProcessMemory 或 WriteProcessMemory 请求。 (0x12B)
[0313/151753.642:WARNING:pe_image_reader.cc(340)] could not read dos header from C:\Windows\SYSTEM32\UIAutomationCore.DLL
[0313/151753.642:ERROR:process_memory_win.cc(73)] ReadMemory at 0x6ab90000 of 64 bytes failed: 仅完成部分的 ReadProcessMemory 或 WriteProcessMemory 请求。 (0x12B)
[0313/151753.642:WARNING:pe_image_reader.cc(340)] could not read dos header from C:\Windows\SYSTEM32\Secur32.dll
[0313/151753.642:ERROR:process_memory_win.cc(73)] ReadMemory at 0x74c70000 of 64 bytes failed: 仅完成部分的 ReadProcessMemory 或 WriteProcessMemory 请求。 (0x12B)
[0313/151753.642:WARNING:pe_image_reader.cc(340)] could not read dos header from C:\Windows\SYSTEM32\USERENV.dll
[0313/151753.642:ERROR:process_memory_win.cc(73)] ReadMemory at 0x6a4f0000 of 64 bytes failed: 仅完成部分的 ReadProcessMemory 或 WriteProcessMemory 请求。 (0x12B)
[0313/151753.642:WARNING:pe_image_reader.cc(340)] could not read dos header from C:\Windows\SYSTEM32\DWrite.dll
[0313/151753.642:ERROR:process_memory_win.cc(73)] ReadMemory at 0x6d3e0000 of 64 bytes failed: 仅完成部分的 ReadProcessMemory 或 WriteProcessMemory 请求。 (0x12B)
[0313/151753.642:WARNING:pe_image_reader.cc(340)] could not read dos header from C:\Windows\SYSTEM32\WINSPOOL.DRV
[0313/151753.642:ERROR:process_memory_win.cc(73)] ReadMemory at 0x75670000 of 64 bytes failed: 仅完成部分的 ReadProcessMemory 或 WriteProcessMemory 请求。 (0x12B)
[0313/151753.642:WARNING:pe_image_reader.cc(340)] could not read dos header from C:\Windows\System32\shcore.dll
[0313/151753.642:ERROR:process_memory_win.cc(73)] ReadMemory at 0x74780000 of 64 bytes failed: 仅完成部分的 ReadProcessMemory 或 WriteProcessMemory 请求。 (0x12B)
[0313/151753.642:WARNING:pe_image_reader.cc(340)] could not read dos header from C:\Windows\SYSTEM32\WINHTTP.dll
[0313/151753.642:ERROR:process_memory_win.cc(73)] ReadMemory at 0x74720000 of 64 bytes failed: 仅完成部分的 ReadProcessMemory 或 WriteProcessMemory 请求。 (0x12B)
[0313/151753.642:WARNING:pe_image_reader.cc(340)] could not read dos header from C:\Windows\SYSTEM32\dhcpcsvc.DLL
[0313/151753.642:ERROR:process_memory_win.cc(73)] ReadMemory at 0x71030000 of 64 bytes failed: 仅完成部分的 ReadProcessMemory 或 WriteProcessMemory 请求。 (0x12B)
[0313/151753.642:WARNING:pe_image_reader.cc(340)] could not read dos header from C:\Windows\SYSTEM32\SSPICLI.DLL
[0313/151753.642:ERROR:process_memory_win.cc(73)] ReadMemory at 0x74220000 of 64 bytes failed: 仅完成部分的 ReadProcessMemory 或 WriteProcessMemory 请求。 (0x12B)
[0313/151753.642:WARNING:pe_image_reader.cc(340)] could not read dos header from C:\Windows\System32\MSASN1.dll
[0313/151753.642:ERROR:process_memory_win.cc(73)] ReadMemory at 0x76aa0000 of 64 bytes failed: 仅完成部分的 ReadProcessMemory 或 WriteProcessMemory 请求。 (0x12B)
[0313/151753.642:WARNING:pe_image_reader.cc(340)] could not read dos header from C:\Windows\System32\bcryptPrimitives.dll
[0313/151753.642:ERROR:process_memory_win.cc(73)] ReadMemory at 0x72c30000 of 64 bytes failed: 仅完成部分的 ReadProcessMemory 或 WriteProcessMemory 请求。 (0x12B)
[0313/151753.642:WARNING:pe_image_reader.cc(340)] could not read dos header from C:\Windows\SYSTEM32\CRYPTBASE.DLL
[0313/151753.661:ERROR:process_memory_win.cc(73)] ReadMemory at 0x4bc8000 of 98304 bytes failed: 仅完成部分的 ReadProcessMemory 或 WriteProcessMemory 请求。 (0x12B)
[0313/151753.661:ERROR:process_memory_win.cc(73)] ReadMemory at 0x69bf000 of 4096 bytes failed: 仅完成部分的 ReadProcessMemory 或 WriteProcessMemory 请求。 (0x12B)
[0313/151753.661:ERROR:process_memory_win.cc(73)] ReadMemory at 0x6c3e000 of 8192 bytes failed: 仅完成部分的 ReadProcessMemory 或 WriteProcessMemory 请求。 (0x12B)
[0313/151753.661:ERROR:process_memory_win.cc(73)] ReadMemory at 0x6d7e000 of 8192 bytes failed: 仅完成部分的 ReadProcessMemory 或 WriteProcessMemory 请求。 (0x12B)
[0313/151753.661:ERROR:process_memory_win.cc(73)] ReadMemory at 0x6ebb000 of 20480 bytes failed: 仅完成部分的 ReadProcessMemory 或 WriteProcessMemory 请求。 (0x12B)
[0313/151753.661:ERROR:process_memory_win.cc(73)] ReadMemory at 0x707f000 of 4096 bytes failed: 仅完成部分的 ReadProcessMemory 或 WriteProcessMemory 请求。 (0x12B)
[0313/151753.661:ERROR:process_memory_win.cc(73)] ReadMemory at 0x71bf000 of 4096 bytes failed: 仅完成部分的 ReadProcessMemory 或 WriteProcessMemory 请求。 (0x12B)
[0313/151753.661:ERROR:process_memory_win.cc(73)] ReadMemory at 0x73fd000 of 12288 bytes failed: 仅完成部分的 ReadProcessMemory 或 WriteProcessMemory 请求。 (0x12B)
[0313/151753.661:ERROR:process_memory_win.cc(73)] ReadMemory at 0x767f000 of 4096 bytes failed: 仅完成部分的 ReadProcessMemory 或 WriteProcessMemory 请求。 (0x12B)
[0313/151753.661:ERROR:process_memory_win.cc(73)] ReadMemory at 0x77bd000 of 12288 bytes failed: 仅完成部分的 ReadProcessMemory 或 WriteProcessMemory 请求。 (0x12B)
[0313/151753.661:ERROR:process_memory_win.cc(73)] ReadMemory at 0x78fe000 of 8192 bytes failed: 仅完成部分的 ReadProcessMemory 或 WriteProcessMemory 请求。 (0x12B)
[0313/151753.661:ERROR:process_memory_win.cc(73)] ReadMemory at 0x7a3e000 of 8192 bytes failed: 仅完成部分的 ReadProcessMemory 或 WriteProcessMemory 请求。 (0x12B)
[0313/151753.661:ERROR:process_memory_win.cc(73)] ReadMemory at 0x7b7e000 of 8192 bytes failed: 仅完成部分的 ReadProcessMemory 或 WriteProcessMemory 请求。 (0x12B)
[0313/151753.661:ERROR:process_memory_win.cc(73)] ReadMemory at 0x7cbf000 of 4096 bytes failed: 仅完成部分的 ReadProcessMemory 或 WriteProcessMemory 请求。 (0x12B)
[0313/151753.661:ERROR:process_memory_win.cc(73)] ReadMemory at 0xe19c000 of 16384 bytes failed: 仅完成部分的 ReadProcessMemory 或 WriteProcessMemory 请求。 (0x12B)
[0313/151753.661:ERROR:process_memory_win.cc(73)] ReadMemory at 0xe45d000 of 12288 bytes failed: 仅完成部分的 ReadProcessMemory 或 WriteProcessMemory 请求。 (0x12B)
[0313/151753.661:ERROR:process_memory_win.cc(73)] ReadMemory at 0x17a8e000 of 8192 bytes failed: 仅完成部分的 ReadProcessMemory 或 WriteProcessMemory 请求。 (0x12B)
[0313/151753.661:ERROR:process_memory_win.cc(73)] ReadMemory at 0x17bcd000 of 12288 bytes failed: 仅完成部分的 ReadProcessMemory 或 WriteProcessMemory 请求。 (0x12B)
[0313/151753.661:ERROR:process_memory_win.cc(73)] ReadMemory at 0x1834b000 of 20480 bytes failed: 仅完成部分的 ReadProcessMemory 或 WriteProcessMemory 请求。 (0x12B)
[0313/151753.661:ERROR:process_memory_win.cc(73)] ReadMemory at 0x99ce000 of 8192 bytes failed: 仅完成部分的 ReadProcessMemory 或 WriteProcessMemory 请求。 (0x12B)
[0313/151753.661:ERROR:process_memory_win.cc(73)] ReadMemory at 0xeebe000 of 8192 bytes failed: 仅完成部分的 ReadProcessMemory 或 WriteProcessMemory 请求。 (0x12B)
[0313/151753.661:ERROR:process_memory_win.cc(73)] ReadMemory at 0xefbe000 of 8192 bytes failed: 仅完成部分的 ReadProcessMemory 或 WriteProcessMemory 请求。 (0x12B)
[0313/151753.661:ERROR:process_memory_win.cc(73)] ReadMemory at 0xf0be000 of 8192 bytes failed: 仅完成部分的 ReadProcessMemory 或 WriteProcessMemory 请求。 (0x12B)
[0313/151753.661:ERROR:process_memory_win.cc(73)] ReadMemory at 0xf1fe000 of 8192 bytes failed: 仅完成部分的 ReadProcessMemory 或 WriteProcessMemory 请求。 (0x12B)
[0313/151753.661:ERROR:process_memory_win.cc(73)] ReadMemory at 0xd5df000 of 4096 bytes failed: 仅完成部分的 ReadProcessMemory 或 WriteProcessMemory 请求。 (0x12B)
[0313/151753.661:ERROR:process_memory_win.cc(73)] ReadMemory at 0x450000 of 468 bytes failed: 仅完成部分的 ReadProcessMemory 或 WriteProcessMemory 请求。 (0x12B)
[0313/151753.661:ERROR:process_memory_win.cc(73)] ReadMemory at 0x451560 of 512 bytes failed: 仅完成部分的 ReadProcessMemory 或 WriteProcessMemory 请求。 (0x12B)
[0313/151753.661:ERROR:process_memory_win.cc(73)] ReadMemory at 0x45221e of 512 bytes failed: 仅完成部分的 ReadProcessMemory 或 WriteProcessMemory 请求。 (0x12B)
[0313/151753.661:ERROR:process_memory_win.cc(73)] ReadMemory at 0x452760 of 512 bytes failed: 仅完成部分的 ReadProcessMemory 或 WriteProcessMemory 请求。 (0x12B)
[0313/151753.661:ERROR:process_memory_win.cc(73)] ReadMemory at 0x4584e0 of 512 bytes failed: 仅完成部分的 ReadProcessMemory 或 WriteProcessMemory 请求。 (0x12B)
[0313/151753.661:ERROR:process_memory_win.cc(73)] ReadMemory at 0x4a487e of 512 bytes failed: 仅完成部分的 ReadProcessMemory 或 WriteProcessMemory 请求。 (0x12B)
[0313/151753.661:ERROR:process_memory_win.cc(73)] ReadMemory at 0x4bf4ef of 512 bytes failed: 仅完成部分的 ReadProcessMemory 或 WriteProcessMemory 请求。 (0x12B)
[0313/151753.661:ERROR:process_memory_win.cc(73)] ReadMemory at 0x4bffc4 of 512 bytes failed: 仅完成部分的 ReadProcessMemory 或 WriteProcessMemory 请求。 (0x12B)
[0313/151753.661:ERROR:process_memory_win.cc(73)] ReadMemory at 0x4d0ec0 of 512 bytes failed: 仅完成部分的 ReadProcessMemory 或 WriteProcessMemory 请求。 (0x12B)
[0313/151753.661:ERROR:process_memory_win.cc(73)] ReadMemory at 0x4fffd9 of 512 bytes failed: 仅完成部分的 ReadProcessMemory 或 WriteProcessMemory 请求。 (0x12B)
[0313/151753.661:ERROR:process_memory_win.cc(73)] ReadMemory at 0x509533 of 512 bytes failed: 仅完成部分的 ReadProcessMemory 或 WriteProcessMemory 请求。 (0x12B)
[0313/151753.661:ERROR:process_memory_win.cc(73)] ReadMemory at 0x50f766 of 512 bytes failed: 仅完成部分的 ReadProcessMemory 或 WriteProcessMemory 请求。 (0x12B)
[0313/151753.661:ERROR:process_memory_win.cc(73)] ReadMemory at 0x51ffc3 of 512 bytes failed: 仅完成部分的 ReadProcessMemory 或 WriteProcessMemory 请求。 (0x12B)
[0313/151753.661:ERROR:process_memory_win.cc(73)] ReadMemory at 0x525ddd of 692 bytes failed: 仅完成部分的 ReadProcessMemory 或 WriteProcessMemory 请求。 (0x12B)
[0313/151753.661:ERROR:process_memory_win.cc(73)] ReadMemory at 0x52ffc1 of 539 bytes failed: 仅完成部分的 ReadProcessMemory 或 WriteProcessMemory 请求。 (0x12B)
[0313/151753.661:ERROR:process_memory_win.cc(73)] ReadMemory at 0x54ebdf of 512 bytes failed: 仅完成部分的 ReadProcessMemory 或 WriteProcessMemory 请求。 (0x12B)
[0313/151753.661:ERROR:process_memory_win.cc(73)] ReadMemory at 0x54f6aa of 512 bytes failed: 仅完成部分的 ReadProcessMemory 或 WriteProcessMemory 请求。 (0x12B)
[0313/151753.661:ERROR:process_memory_win.cc(73)] ReadMemory at 0x55040a of 646 bytes failed: 仅完成部分的 ReadProcessMemory 或 WriteProcessMemory 请求。 (0x12B)
[0313/151753.661:ERROR:process_memory_win.cc(73)] ReadMemory at 0x550e60 of 512 bytes failed: 仅完成部分的 ReadProcessMemory 或 WriteProcessMemory 请求。 (0x12B)
[0313/151753.661:ERROR:process_memory_win.cc(73)] ReadMemory at 0x55e9bf of 841 bytes failed: 仅完成部分的 ReadProcessMemory 或 WriteProcessMemory 请求。 (0x12B)
[0313/151753.661:ERROR:process_memory_win.cc(73)] ReadMemory at 0x569f46 of 512 bytes failed: 仅完成部分的 ReadProcessMemory 或 WriteProcessMemory 请求。 (0x12B)
[0313/151753.661:ERROR:process_memory_win.cc(73)] ReadMemory at 0x56a65d of 512 bytes failed: 仅完成部分的 ReadProcessMemory 或 WriteProcessMemory 请求。 (0x12B)
[0313/151753.661:ERROR:process_memory_win.cc(73)] ReadMemory at 0x56ff82 of 602 bytes failed: 仅完成部分的 ReadProcessMemory 或 WriteProcessMemory 请求。 (0x12B)
[0313/151753.661:ERROR:process_memory_win.cc(73)] ReadMemory at 0x576983 of 512 bytes failed: 仅完成部分的 ReadProcessMemory 或 WriteProcessMemory 请求。 (0x12B)
[0313/151753.661:ERROR:process_memory_win.cc(73)] ReadMemory at 0x57eedb of 512 bytes failed: 仅完成部分的 ReadProcessMemory 或 WriteProcessMemory 请求。 (0x12B)
[0313/151753.661:ERROR:process_memory_win.cc(73)] ReadMemory at 0x5832c0 of 512 bytes failed: 仅完成部分的 ReadProcessMemory 或 WriteProcessMemory 请求。 (0x12B)
[0313/151753.662:ERROR:process_memory_win.cc(73)] ReadMemory at 0x5836d8 of 512 bytes failed: 仅完成部分的 ReadProcessMemory 或 WriteProcessMemory 请求。 (0x12B)
[0313/151753.662:ERROR:process_memory_win.cc(73)] ReadMemory at 0x5bffb2 of 512 bytes failed: 仅完成部分的 ReadProcessMemory 或 WriteProcessMemory 请求。 (0x12B)
[0313/151753.662:ERROR:process_memory_win.cc(73)] ReadMemory at 0x5c8850 of 512 bytes failed: 仅完成部分的 ReadProcessMemory 或 WriteProcessMemory 请求。 (0x12B)
[0313/151753.662:ERROR:process_memory_win.cc(73)] ReadMemory at 0x5d10a4 of 1004 bytes failed: 仅完成部分的 ReadProcessMemory 或 WriteProcessMemory 请求。 (0x12B)
[0313/151753.662:ERROR:process_memory_win.cc(73)] ReadMemory at 0x5d1d34 of 512 bytes failed: 仅完成部分的 ReadProcessMemory 或 WriteProcessMemory 请求。 (0x12B)
[0313/151753.662:ERROR:process_memory_win.cc(73)] ReadMemory at 0x5d2c44 of 512 bytes failed: 仅完成部分的 ReadProcessMemory 或 WriteProcessMemory 请求。 (0x12B)
[0313/151753.662:ERROR:process_memory_win.cc(73)] ReadMemory at 0x5d3bc0 of 512 bytes failed: 仅完成部分的 ReadProcessMemory 或 WriteProcessMemory 请求。 (0x12B)
[0313/151753.662:ERROR:process_memory_win.cc(73)] ReadMemory at 0x5ef770 of 512 bytes failed: 仅完成部分的 ReadProcessMemory 或 WriteProcessMemory 请求。 (0x12B)
[0313/151753.662:ERROR:process_memory_win.cc(73)] ReadMemory at 0xbc8680 of 512 bytes failed: 仅完成部分的 ReadProcessMemory 或 WriteProcessMemory 请求。 (0x12B)
[0313/151753.662:ERROR:process_memory_win.cc(73)] ReadMemory at 0xbd34e8 of 512 bytes failed: 仅完成部分的 ReadProcessMemory 或 WriteProcessMemory 请求。 (0x12B)
[0313/151753.662:ERROR:process_memory_win.cc(73)] ReadMemory at 0xbd38f8 of 512 bytes failed: 仅完成部分的 ReadProcessMemory 或 WriteProcessMemory 请求。 (0x12B)
[0313/151753.662:ERROR:process_memory_win.cc(73)] ReadMemory at 0xbd4d00 of 512 bytes failed: 仅完成部分的 ReadProcessMemory 或 WriteProcessMemory 请求。 (0x12B)
[0313/151753.662:ERROR:process_memory_win.cc(73)] ReadMemory at 0xbd5e9c of 512 bytes failed: 仅完成部分的 ReadProcessMemory 或 WriteProcessMemory 请求。 (0x12B)
[0313/151753.662:ERROR:process_memory_win.cc(73)] ReadMemory at 0xbd62e0 of 672 bytes failed: 仅完成部分的 ReadProcessMemory 或 WriteProcessMemory 请求。 (0x12B)
[0313/151753.662:ERROR:process_memory_win.cc(73)] ReadMemory at 0xbd6708 of 512 bytes failed: 仅完成部分的 ReadProcessMemory 或 WriteProcessMemory 请求。 (0x12B)
[0313/151753.662:ERROR:process_memory_win.cc(73)] ReadMemory at 0xbd7714 of 512 bytes failed: 仅完成部分的 ReadProcessMemory 或 WriteProcessMemory 请求。 (0x12B)
[0313/151753.662:ERROR:process_memory_win.cc(73)] ReadMemory at 0xbd95fc of 512 bytes failed: 仅完成部分的 ReadProcessMemory 或 WriteProcessMemory 请求。 (0x12B)
[0313/151753.662:ERROR:process_memory_win.cc(73)] ReadMemory at 0xbd9e14 of 512 bytes failed: 仅完成部分的 ReadProcessMemory 或 WriteProcessMemory 请求。 (0x12B)
[0313/151753.662:ERROR:process_memory_win.cc(73)] ReadMemory at 0xbdb294 of 512 bytes failed: 仅完成部分的 ReadProcessMemory 或 WriteProcessMemory 请求。 (0x12B)
[0313/151753.662:ERROR:process_memory_win.cc(73)] ReadMemory at 0xbdcb08 of 512 bytes failed: 仅完成部分的 ReadProcessMemory 或 WriteProcessMemory 请求。 (0x12B)
[0313/151753.662:ERROR:process_memory_win.cc(73)] ReadMemory at 0xbde644 of 512 bytes failed: 仅完成部分的 ReadProcessMemory 或 WriteProcessMemory 请求。 (0x12B)
[0313/151753.662:ERROR:process_memory_win.cc(73)] ReadMemory at 0xc00928 of 512 bytes failed: 仅完成部分的 ReadProcessMemory 或 WriteProcessMemory 请求。 (0x12B)
[0313/151753.662:ERROR:process_memory_win.cc(73)] ReadMemory at 0xd40a38 of 512 bytes failed: 仅完成部分的 ReadProcessMemory 或 WriteProcessMemory 请求。 (0x12B)
[0313/151753.662:ERROR:process_memory_win.cc(73)] ReadMemory at 0xd42c90 of 512 bytes failed: 仅完成部分的 ReadProcessMemory 或 WriteProcessMemory 请求。 (0x12B)
[0313/151753.662:ERROR:process_memory_win.cc(73)] ReadMemory at 0xd5396d of 512 bytes failed: 仅完成部分的 ReadProcessMemory 或 WriteProcessMemory 请求。 (0x12B)
[0313/151753.662:ERROR:process_memory_win.cc(73)] ReadMemory at 0x2517a70 of 512 bytes failed: 仅完成部分的 ReadProcessMemory 或 WriteProcessMemory 请求。 (0x12B)
[0313/151753.662:ERROR:process_memory_win.cc(73)] ReadMemory at 0x4802000 of 3992 bytes failed: 仅完成部分的 ReadProcessMemory 或 WriteProcessMemory 请求。 (0x12B)
[0313/151753.662:ERROR:process_memory_win.cc(73)] ReadMemory at 0x4806000 of 3992 bytes failed: 仅完成部分的 ReadProcessMemory 或 WriteProcessMemory 请求。 (0x12B)
[0313/151753.662:ERROR:process_memory_win.cc(73)] ReadMemory at 0x481e000 of 3992 bytes failed: 仅完成部分的 ReadProcessMemory 或 WriteProcessMemory 请求。 (0x12B)
[0313/151753.662:ERROR:process_memory_win.cc(73)] ReadMemory at 0x4832000 of 3992 bytes failed: 仅完成部分的 ReadProcessMemory 或 WriteProcessMemory 请求。 (0x12B)
[0313/151753.662:ERROR:process_memory_win.cc(73)] ReadMemory at 0x4836000 of 3992 bytes failed: 仅完成部分的 ReadProcessMemory 或 WriteProcessMemory 请求。 (0x12B)
[0313/151753.662:ERROR:process_memory_win.cc(73)] ReadMemory at 0x483a000 of 3992 bytes failed: 仅完成部分的 ReadProcessMemory 或 WriteProcessMemory 请求。 (0x12B)
[0313/151753.662:ERROR:process_memory_win.cc(73)] ReadMemory at 0x483e000 of 3992 bytes failed: 仅完成部分的 ReadProcessMemory 或 WriteProcessMemory 请求。 (0x12B)
[0313/151753.662:ERROR:process_memory_win.cc(73)] ReadMemory at 0x4842000 of 3992 bytes failed: 仅完成部分的 ReadProcessMemory 或 WriteProcessMemory 请求。 (0x12B)
[0313/151753.662:ERROR:process_memory_win.cc(73)] ReadMemory at 0x4846000 of 3992 bytes failed: 仅完成部分的 ReadProcessMemory 或 WriteProcessMemory 请求。 (0x12B)
[0313/151753.662:ERROR:process_memory_win.cc(73)] ReadMemory at 0x49a7f80 of 688 bytes failed: 仅完成部分的 ReadProcessMemory 或 WriteProcessMemory 请求。 (0x12B)
[0313/151753.662:ERROR:process_memory_win.cc(73)] ReadMemory at 0x49aaf80 of 4120 bytes failed: 仅完成部分的 ReadProcessMemory 或 WriteProcessMemory 请求。 (0x12B)
[0313/151753.662:ERROR:process_memory_win.cc(73)] ReadMemory at 0x49af000 of 3992 bytes failed: 仅完成部分的 ReadProcessMemory 或 WriteProcessMemory 请求。 (0x12B)
[0313/151753.662:ERROR:process_memory_win.cc(73)] ReadMemory at 0x49b7000 of 3992 bytes failed: 仅完成部分的 ReadProcessMemory 或 WriteProcessMemory 请求。 (0x12B)
[0313/151753.662:ERROR:process_memory_win.cc(73)] ReadMemory at 0x49bb000 of 3992 bytes failed: 仅完成部分的 ReadProcessMemory 或 WriteProcessMemory 请求。 (0x12B)
[0313/151753.662:ERROR:process_memory_win.cc(73)] ReadMemory at 0x49bf000 of 3992 bytes failed: 仅完成部分的 ReadProcessMemory 或 WriteProcessMemory 请求。 (0x12B)
[0313/151753.662:ERROR:process_memory_win.cc(73)] ReadMemory at 0x49c3000 of 3992 bytes failed: 仅完成部分的 ReadProcessMemory 或 WriteProcessMemory 请求。 (0x12B)
[0313/151753.662:ERROR:process_memory_win.cc(73)] ReadMemory at 0x49c7000 of 3992 bytes failed: 仅完成部分的 ReadProcessMemory 或 WriteProcessMemory 请求。 (0x12B)
[0313/151753.662:ERROR:process_memory_win.cc(73)] ReadMemory at 0x49cb000 of 3992 bytes failed: 仅完成部分的 ReadProcessMemory 或 WriteProcessMemory 请求。 (0x12B)
[0313/151753.662:ERROR:process_memory_win.cc(73)] ReadMemory at 0x49d3000 of 3992 bytes failed: 仅完成部分的 ReadProcessMemory 或 WriteProcessMemory 请求。 (0x12B)
[0313/151753.662:ERROR:process_memory_win.cc(73)] ReadMemory at 0x49d7000 of 3992 bytes failed: 仅完成部分的 ReadProcessMemory 或 WriteProcessMemory 请求。 (0x12B)
[0313/151753.662:ERROR:process_memory_win.cc(73)] ReadMemory at 0x49db000 of 3992 bytes failed: 仅完成部分的 ReadProcessMemory 或 WriteProcessMemory 请求。 (0x12B)
[0313/151753.662:ERROR:process_memory_win.cc(73)] ReadMemory at 0x49df000 of 3992 bytes failed: 仅完成部分的 ReadProcessMemory 或 WriteProcessMemory 请求。 (0x12B)
[0313/151753.662:ERROR:process_memory_win.cc(73)] ReadMemory at 0x49e3000 of 3992 bytes failed: 仅完成部分的 ReadProcessMemory 或 WriteProcessMemory 请求。 (0x12B)
[0313/151753.662:ERROR:process_memory_win.cc(73)] ReadMemory at 0x49e7000 of 3992 bytes failed: 仅完成部分的 ReadProcessMemory 或 WriteProcessMemory 请求。 (0x12B)
[0313/151753.662:ERROR:process_memory_win.cc(73)] ReadMemory at 0x49ef000 of 3992 bytes failed: 仅完成部分的 ReadProcessMemory 或 WriteProcessMemory 请求。 (0x12B)
[0313/151753.662:ERROR:process_memory_win.cc(73)] ReadMemory at 0x49f3000 of 3992 bytes failed: 仅完成部分的 ReadProcessMemory 或 WriteProcessMemory 请求。 (0x12B)
[0313/151753.662:ERROR:process_memory_win.cc(73)] ReadMemory at 0x4a00000 of 384 bytes failed: 仅完成部分的 ReadProcessMemory 或 WriteProcessMemory 请求。 (0x12B)
[0313/151753.662:ERROR:process_memory_win.cc(73)] ReadMemory at 0x4c26e9c of 356 bytes failed: 仅完成部分的 ReadProcessMemory 或 WriteProcessMemory 请求。 (0x12B)
[0313/151753.662:ERROR:process_memory_win.cc(73)] ReadMemory at 0x4d6ffa2 of 512 bytes failed: 仅完成部分的 ReadProcessMemory 或 WriteProcessMemory 请求。 (0x12B)
[0313/151753.662:ERROR:process_memory_win.cc(73)] ReadMemory at 0x4e10000 of 1052 bytes failed: 仅完成部分的 ReadProcessMemory 或 WriteProcessMemory 请求。 (0x12B)
[0313/151753.662:ERROR:process_memory_win.cc(73)] ReadMemory at 0x4e104b0 of 58 bytes failed: 仅完成部分的 ReadProcessMemory 或 WriteProcessMemory 请求。 (0x12B)
[0313/151753.662:ERROR:process_memory_win.cc(73)] ReadMemory at 0x4e10c48 of 18318 bytes failed: 仅完成部分的 ReadProcessMemory 或 WriteProcessMemory 请求。 (0x12B)
[0313/151753.662:ERROR:process_memory_win.cc(73)] ReadMemory at 0x4e153e0 of 72 bytes failed: 仅完成部分的 ReadProcessMemory 或 WriteProcessMemory 请求。 (0x12B)
[0313/151753.662:ERROR:process_memory_win.cc(73)] ReadMemory at 0x4e154d8 of 72 bytes failed: 仅完成部分的 ReadProcessMemory 或 WriteProcessMemory 请求。 (0x12B)
[0313/151753.662:ERROR:process_memory_win.cc(73)] ReadMemory at 0x4e15672 of 1200 bytes failed: 仅完成部分的 ReadProcessMemory 或 WriteProcessMemory 请求。 (0x12B)
[0313/151753.662:ERROR:process_memory_win.cc(73)] ReadMemory at 0x4e16618 of 1304 bytes failed: 仅完成部分的 ReadProcessMemory 或 WriteProcessMemory 请求。 (0x12B)
[0313/151753.662:ERROR:process_memory_win.cc(73)] ReadMemory at 0x4e18528 of 512 bytes failed: 仅完成部分的 ReadProcessMemory 或 WriteProcessMemory 请求。 (0x12B)
[0313/151753.662:ERROR:process_memory_win.cc(73)] ReadMemory at 0x4e196d0 of 660 bytes failed: 仅完成部分的 ReadProcessMemory 或 WriteProcessMemory 请求。 (0x12B)
[0313/151753.662:ERROR:process_memory_win.cc(73)] ReadMemory at 0x4e19b9c of 1366 bytes failed: 仅完成部分的 ReadProcessMemory 或 WriteProcessMemory 请求。 (0x12B)
[0313/151753.662:ERROR:process_memory_win.cc(73)] ReadMemory at 0x4e1e728 of 102 bytes failed: 仅完成部分的 ReadProcessMemory 或 WriteProcessMemory 请求。 (0x12B)
[0313/151753.662:ERROR:process_memory_win.cc(73)] ReadMemory at 0x4e1ea80 of 72 bytes failed: 仅完成部分的 ReadProcessMemory 或 WriteProcessMemory 请求。 (0x12B)
[0313/151753.662:ERROR:process_memory_win.cc(73)] ReadMemory at 0x4e1eb40 of 64 bytes failed: 仅完成部分的 ReadProcessMemory 或 WriteProcessMemory 请求。 (0x12B)
[0313/151753.662:ERROR:process_memory_win.cc(73)] ReadMemory at 0x4e1ed40 of 512 bytes failed: 仅完成部分的 ReadProcessMemory 或 WriteProcessMemory 请求。 (0x12B)
[0313/151753.662:ERROR:process_memory_win.cc(73)] ReadMemory at 0x4e20700 of 72 bytes failed: 仅完成部分的 ReadProcessMemory 或 WriteProcessMemory 请求。 (0x12B)
[0313/151753.662:ERROR:process_memory_win.cc(73)] ReadMemory at 0x4e20850 of 72 bytes failed: 仅完成部分的 ReadProcessMemory 或 WriteProcessMemory 请求。 (0x12B)
[0313/151753.662:ERROR:process_memory_win.cc(73)] ReadMemory at 0x4e20910 of 120 bytes failed: 仅完成部分的 ReadProcessMemory 或 WriteProcessMemory 请求。 (0x12B)
[0313/151753.662:ERROR:process_memory_win.cc(73)] ReadMemory at 0x4e238b8 of 62 bytes failed: 仅完成部分的 ReadProcessMemory 或 WriteProcessMemory 请求。 (0x12B)
[0313/151753.662:ERROR:process_memory_win.cc(73)] ReadMemory at 0x4e23990 of 72 bytes failed: 仅完成部分的 ReadProcessMemory 或 WriteProcessMemory 请求。 (0x12B)
[0313/151753.662:ERROR:process_memory_win.cc(73)] ReadMemory at 0x4e23a50 of 60 bytes failed: 仅完成部分的 ReadProcessMemory 或 WriteProcessMemory 请求。 (0x12B)
[0313/151753.662:ERROR:process_memory_win.cc(73)] ReadMemory at 0x4e25170 of 560 bytes failed: 仅完成部分的 ReadProcessMemory 或 WriteProcessMemory 请求。 (0x12B)
[0313/151753.662:ERROR:process_memory_win.cc(73)] ReadMemory at 0x4e26028 of 520 bytes failed: 仅完成部分的 ReadProcessMemory 或 WriteProcessMemory 请求。 (0x12B)
[0313/151753.662:ERROR:process_memory_win.cc(73)] ReadMemory at 0x4e2743c of 512 bytes failed: 仅完成部分的 ReadProcessMemory 或 WriteProcessMemory 请求。 (0x12B)
[0313/151753.662:ERROR:process_memory_win.cc(73)] ReadMemory at 0x4e27cf0 of 512 bytes failed: 仅完成部分的 ReadProcessMemory 或 WriteProcessMemory 请求。 (0x12B)
[0313/151753.662:ERROR:process_memory_win.cc(73)] ReadMemory at 0x4e2d118 of 60 bytes failed: 仅完成部分的 ReadProcessMemory 或 WriteProcessMemory 请求。 (0x12B)
[0313/151753.662:ERROR:process_memory_win.cc(73)] ReadMemory at 0x4e2d160 of 62 bytes failed: 仅完成部分的 ReadProcessMemory 或 WriteProcessMemory 请求。 (0x12B)
[0313/151753.663:ERROR:process_memory_win.cc(73)] ReadMemory at 0x4e2d1f0 of 60 bytes failed: 仅完成部分的 ReadProcessMemory 或 WriteProcessMemory 请求。 (0x12B)
[0313/151753.663:ERROR:process_memory_win.cc(73)] ReadMemory at 0x4e2d2c8 of 62 bytes failed: 仅完成部分的 ReadProcessMemory 或 WriteProcessMemory 请求。 (0x12B)
[0313/151753.663:ERROR:process_memory_win.cc(73)] ReadMemory at 0x4e2d310 of 60 bytes failed: 仅完成部分的 ReadProcessMemory 或 WriteProcessMemory 请求。 (0x12B)
[0313/151753.663:ERROR:process_memory_win.cc(73)] ReadMemory at 0x4e2d358 of 62 bytes failed: 仅完成部分的 ReadProcessMemory 或 WriteProcessMemory 请求。 (0x12B)
[0313/151753.663:ERROR:process_memory_win.cc(73)] ReadMemory at 0x4e2d3a0 of 62 bytes failed: 仅完成部分的 ReadProcessMemory 或 WriteProcessMemory 请求。 (0x12B)
[0313/151753.663:ERROR:process_memory_win.cc(73)] ReadMemory at 0x4e2d478 of 58 bytes failed: 仅完成部分的 ReadProcessMemory 或 WriteProcessMemory 请求。 (0x12B)
[0313/151753.663:ERROR:process_memory_win.cc(73)] ReadMemory at 0x4e2d4c0 of 60 bytes failed: 仅完成部分的 ReadProcessMemory 或 WriteProcessMemory 请求。 (0x12B)
[0313/151753.663:ERROR:process_memory_win.cc(73)] ReadMemory at 0x4e2d550 of 62 bytes failed: 仅完成部分的 ReadProcessMemory 或 WriteProcessMemory 请求。 (0x12B)
[0313/151753.663:ERROR:process_memory_win.cc(73)] ReadMemory at 0x4e2d628 of 62 bytes failed: 仅完成部分的 ReadProcessMemory 或 WriteProcessMemory 请求。 (0x12B)
[0313/151753.663:ERROR:process_memory_win.cc(73)] ReadMemory at 0x4e2d670 of 62 bytes failed: 仅完成部分的 ReadProcessMemory 或 WriteProcessMemory 请求。 (0x12B)
[0313/151753.663:ERROR:process_memory_win.cc(73)] ReadMemory at 0x4e2d748 of 60 bytes failed: 仅完成部分的 ReadProcessMemory 或 WriteProcessMemory 请求。 (0x12B)
[0313/151753.663:ERROR:process_memory_win.cc(73)] ReadMemory at 0x4e2d790 of 62 bytes failed: 仅完成部分的 ReadProcessMemory 或 WriteProcessMemory 请求。 (0x12B)
[0313/151753.663:ERROR:process_memory_win.cc(73)] ReadMemory at 0x4e31f20 of 512 bytes failed: 仅完成部分的 ReadProcessMemory 或 WriteProcessMemory 请求。 (0x12B)
[0313/151753.663:ERROR:process_memory_win.cc(73)] ReadMemory at 0x4e32cb4 of 512 bytes failed: 仅完成部分的 ReadProcessMemory 或 WriteProcessMemory 请求。 (0x12B)
[0313/151753.663:ERROR:process_memory_win.cc(73)] ReadMemory at 0x4e33410 of 64 bytes failed: 仅完成部分的 ReadProcessMemory 或 WriteProcessMemory 请求。 (0x12B)
[0313/151753.663:ERROR:process_memory_win.cc(73)] ReadMemory at 0x4e334b0 of 64 bytes failed: 仅完成部分的 ReadProcessMemory 或 WriteProcessMemory 请求。 (0x12B)
[0313/151753.663:ERROR:process_memory_win.cc(73)] ReadMemory at 0x4e33500 of 64 bytes failed: 仅完成部分的 ReadProcessMemory 或 WriteProcessMemory 请求。 (0x12B)
[0313/151753.663:ERROR:process_memory_win.cc(73)] ReadMemory at 0x4e33550 of 64 bytes failed: 仅完成部分的 ReadProcessMemory 或 WriteProcessMemory 请求。 (0x12B)
[0313/151753.663:ERROR:process_memory_win.cc(73)] ReadMemory at 0x4e335a0 of 64 bytes failed: 仅完成部分的 ReadProcessMemory 或 WriteProcessMemory 请求。 (0x12B)
[0313/151753.663:ERROR:process_memory_win.cc(73)] ReadMemory at 0x4e336e0 of 66 bytes failed: 仅完成部分的 ReadProcessMemory 或 WriteProcessMemory 请求。 (0x12B)
[0313/151753.663:ERROR:process_memory_win.cc(73)] ReadMemory at 0x4e337d0 of 64 bytes failed: 仅完成部分的 ReadProcessMemory 或 WriteProcessMemory 请求。 (0x12B)
[0313/151753.663:ERROR:process_memory_win.cc(73)] ReadMemory at 0x4e33820 of 64 bytes failed: 仅完成部分的 ReadProcessMemory 或 WriteProcessMemory 请求。 (0x12B)
[0313/151753.663:ERROR:process_memory_win.cc(73)] ReadMemory at 0x4e33a88 of 72 bytes failed: 仅完成部分的 ReadProcessMemory 或 WriteProcessMemory 请求。 (0x12B)
[0313/151753.663:ERROR:process_memory_win.cc(73)] ReadMemory at 0x4e33b48 of 72 bytes failed: 仅完成部分的 ReadProcessMemory 或 WriteProcessMemory 请求。 (0x12B)
[0313/151753.663:ERROR:process_memory_win.cc(73)] ReadMemory at 0x4e33c08 of 72 bytes failed: 仅完成部分的 ReadProcessMemory 或 WriteProcessMemory 请求。 (0x12B)
[0313/151753.663:ERROR:process_memory_win.cc(73)] ReadMemory at 0x4e33cc8 of 72 bytes failed: 仅完成部分的 ReadProcessMemory 或 WriteProcessMemory 请求。 (0x12B)
[0313/151753.663:ERROR:process_memory_win.cc(73)] ReadMemory at 0x4e33d88 of 72 bytes failed: 仅完成部分的 ReadProcessMemory 或 WriteProcessMemory 请求。 (0x12B)
[0313/151753.663:ERROR:process_memory_win.cc(73)] ReadMemory at 0x4e33e48 of 72 bytes failed: 仅完成部分的 ReadProcessMemory 或 WriteProcessMemory 请求。 (0x12B)
[0313/151753.663:ERROR:process_memory_win.cc(73)] ReadMemory at 0x4e33f08 of 72 bytes failed: 仅完成部分的 ReadProcessMemory 或 WriteProcessMemory 请求。 (0x12B)
[0313/151753.663:ERROR:process_memory_win.cc(73)] ReadMemory at 0x4e33fc8 of 72 bytes failed: 仅完成部分的 ReadProcessMemory 或 WriteProcessMemory 请求。 (0x12B)
[0313/151753.663:ERROR:process_memory_win.cc(73)] ReadMemory at 0x4e34088 of 72 bytes failed: 仅完成部分的 ReadProcessMemory 或 WriteProcessMemory 请求。 (0x12B)
[0313/151753.663:ERROR:process_memory_win.cc(73)] ReadMemory at 0x4e34148 of 72 bytes failed: 仅完成部分的 ReadProcessMemory 或 WriteProcessMemory 请求。 (0x12B)
[0313/151753.663:ERROR:process_memory_win.cc(73)] ReadMemory at 0x4e34208 of 72 bytes failed: 仅完成部分的 ReadProcessMemory 或 WriteProcessMemory 请求。 (0x12B)
[0313/151753.663:ERROR:process_memory_win.cc(73)] ReadMemory at 0x4e342c8 of 72 bytes failed: 仅完成部分的 ReadProcessMemory 或 WriteProcessMemory 请求。 (0x12B)
[0313/151753.663:ERROR:process_memory_win.cc(73)] ReadMemory at 0x4e34388 of 72 bytes failed: 仅完成部分的 ReadProcessMemory 或 WriteProcessMemory 请求。 (0x12B)
[0313/151753.663:ERROR:process_memory_win.cc(73)] ReadMemory at 0x4e34448 of 72 bytes failed: 仅完成部分的 ReadProcessMemory 或 WriteProcessMemory 请求。 (0x12B)
[0313/151753.663:ERROR:process_memory_win.cc(73)] ReadMemory at 0x4e345c8 of 72 bytes failed: 仅完成部分的 ReadProcessMemory 或 WriteProcessMemory 请求。 (0x12B)
[0313/151753.663:ERROR:process_memory_win.cc(73)] ReadMemory at 0x4e34688 of 72 bytes failed: 仅完成部分的 ReadProcessMemory 或 WriteProcessMemory 请求。 (0x12B)
[0313/151753.663:ERROR:process_memory_win.cc(73)] ReadMemory at 0x4e34748 of 72 bytes failed: 仅完成部分的 ReadProcessMemory 或 WriteProcessMemory 请求。 (0x12B)
[0313/151753.663:ERROR:process_memory_win.cc(73)] ReadMemory at 0x4e34808 of 72 bytes failed: 仅完成部分的 ReadProcessMemory 或 WriteProcessMemory 请求。 (0x12B)
[0313/151753.663:ERROR:process_memory_win.cc(73)] ReadMemory at 0x4e348c8 of 72 bytes failed: 仅完成部分的 ReadProcessMemory 或 WriteProcessMemory 请求。 (0x12B)
[0313/151753.663:ERROR:process_memory_win.cc(73)] ReadMemory at 0x4e34988 of 72 bytes failed: 仅完成部分的 ReadProcessMemory 或 WriteProcessMemory 请求。 (0x12B)
[0313/151753.663:ERROR:process_memory_win.cc(73)] ReadMemory at 0x4e36380 of 80 bytes failed: 仅完成部分的 ReadProcessMemory 或 WriteProcessMemory 请求。 (0x12B)
[0313/151753.663:ERROR:process_memory_win.cc(73)] ReadMemory at 0x4e36500 of 80 bytes failed: 仅完成部分的 ReadProcessMemory 或 WriteProcessMemory 请求。 (0x12B)
[0313/151753.663:ERROR:process_memory_win.cc(73)] ReadMemory at 0x4e36600 of 512 bytes failed: 仅完成部分的 ReadProcessMemory 或 WriteProcessMemory 请求。 (0x12B)
[0313/151753.663:ERROR:process_memory_win.cc(73)] ReadMemory at 0x4e36b98 of 122 bytes failed: 仅完成部分的 ReadProcessMemory 或 WriteProcessMemory 请求。 (0x12B)
[0313/151753.663:ERROR:process_memory_win.cc(73)] ReadMemory at 0x4e39b70 of 512 bytes failed: 仅完成部分的 ReadProcessMemory 或 WriteProcessMemory 请求。 (0x12B)
[0313/151753.663:ERROR:process_memory_win.cc(73)] ReadMemory at 0x4e39f28 of 512 bytes failed: 仅完成部分的 ReadProcessMemory 或 WriteProcessMemory 请求。 (0x12B)
[0313/151753.663:ERROR:process_memory_win.cc(73)] ReadMemory at 0x4e3e4d0 of 72 bytes failed: 仅完成部分的 ReadProcessMemory 或 WriteProcessMemory 请求。 (0x12B)
[0313/151753.663:ERROR:process_memory_win.cc(73)] ReadMemory at 0x4e3e590 of 72 bytes failed: 仅完成部分的 ReadProcessMemory 或 WriteProcessMemory 请求。 (0x12B)
[0313/151753.663:ERROR:process_memory_win.cc(73)] ReadMemory at 0x4e3e650 of 72 bytes failed: 仅完成部分的 ReadProcessMemory 或 WriteProcessMemory 请求。 (0x12B)
[0313/151753.663:ERROR:process_memory_win.cc(73)] ReadMemory at 0x4e3ea10 of 72 bytes failed: 仅完成部分的 ReadProcessMemory 或 WriteProcessMemory 请求。 (0x12B)
[0313/151753.663:ERROR:process_memory_win.cc(73)] ReadMemory at 0x4e3ead0 of 72 bytes failed: 仅完成部分的 ReadProcessMemory 或 WriteProcessMemory 请求。 (0x12B)
[0313/151753.663:ERROR:process_memory_win.cc(73)] ReadMemory at 0x4e3eb90 of 72 bytes failed: 仅完成部分的 ReadProcessMemory 或 WriteProcessMemory 请求。 (0x12B)
[0313/151753.663:ERROR:process_memory_win.cc(73)] ReadMemory at 0x4e47680 of 512 bytes failed: 仅完成部分的 ReadProcessMemory 或 WriteProcessMemory 请求。 (0x12B)
[0313/151753.663:ERROR:process_memory_win.cc(73)] ReadMemory at 0x4e48780 of 60 bytes failed: 仅完成部分的 ReadProcessMemory 或 WriteProcessMemory 请求。 (0x12B)
[0313/151753.663:ERROR:process_memory_win.cc(73)] ReadMemory at 0x4e4dab8 of 512 bytes failed: 仅完成部分的 ReadProcessMemory 或 WriteProcessMemory 请求。 (0x12B)
[0313/151753.663:ERROR:process_memory_win.cc(73)] ReadMemory at 0x4e4df38 of 512 bytes failed: 仅完成部分的 ReadProcessMemory 或 WriteProcessMemory 请求。 (0x12B)
[0313/151753.663:ERROR:process_memory_win.cc(73)] ReadMemory at 0x4e4e750 of 636 bytes failed: 仅完成部分的 ReadProcessMemory 或 WriteProcessMemory 请求。 (0x12B)
[0313/151753.663:ERROR:process_memory_win.cc(73)] ReadMemory at 0x4e53a70 of 548 bytes failed: 仅完成部分的 ReadProcessMemory 或 WriteProcessMemory 请求。 (0x12B)
[0313/151753.663:ERROR:process_memory_win.cc(73)] ReadMemory at 0x4e541f0 of 532 bytes failed: 仅完成部分的 ReadProcessMemory 或 WriteProcessMemory 请求。 (0x12B)
[0313/151753.663:ERROR:process_memory_win.cc(73)] ReadMemory at 0x4e60798 of 536 bytes failed: 仅完成部分的 ReadProcessMemory 或 WriteProcessMemory 请求。 (0x12B)
[0313/151753.663:ERROR:process_memory_win.cc(73)] ReadMemory at 0x4e67a88 of 1100 bytes failed: 仅完成部分的 ReadProcessMemory 或 WriteProcessMemory 请求。 (0x12B)
[0313/151753.663:ERROR:process_memory_win.cc(73)] ReadMemory at 0x4e74b20 of 512 bytes failed: 仅完成部分的 ReadProcessMemory 或 WriteProcessMemory 请求。 (0x12B)
[0313/151753.663:ERROR:process_memory_win.cc(73)] ReadMemory at 0x4e77930 of 512 bytes failed: 仅完成部分的 ReadProcessMemory 或 WriteProcessMemory 请求。 (0x12B)
[0313/151753.663:ERROR:process_memory_win.cc(73)] ReadMemory at 0x4e77d40 of 544 bytes failed: 仅完成部分的 ReadProcessMemory 或 WriteProcessMemory 请求。 (0x12B)
[0313/151753.663:ERROR:process_memory_win.cc(73)] ReadMemory at 0x4e77fc0 of 512 bytes failed: 仅完成部分的 ReadProcessMemory 或 WriteProcessMemory 请求。 (0x12B)
[0313/151753.663:ERROR:process_memory_win.cc(73)] ReadMemory at 0x4e7c468 of 512 bytes failed: 仅完成部分的 ReadProcessMemory 或 WriteProcessMemory 请求。 (0x12B)
[0313/151753.663:ERROR:process_memory_win.cc(73)] ReadMemory at 0x4e7d6f0 of 528 bytes failed: 仅完成部分的 ReadProcessMemory 或 WriteProcessMemory 请求。 (0x12B)
[0313/151753.663:ERROR:process_memory_win.cc(73)] ReadMemory at 0x4e7f3e8 of 512 bytes failed: 仅完成部分的 ReadProcessMemory 或 WriteProcessMemory 请求。 (0x12B)
[0313/151753.663:ERROR:process_memory_win.cc(73)] ReadMemory at 0x4e7f6e4 of 512 bytes failed: 仅完成部分的 ReadProcessMemory 或 WriteProcessMemory 请求。 (0x12B)
[0313/151753.663:ERROR:process_memory_win.cc(73)] ReadMemory at 0x4e802c4 of 512 bytes failed: 仅完成部分的 ReadProcessMemory 或 WriteProcessMemory 请求。 (0x12B)
[0313/151753.663:ERROR:process_memory_win.cc(73)] ReadMemory at 0x4e81680 of 568 bytes failed: 仅完成部分的 ReadProcessMemory 或 WriteProcessMemory 请求。 (0x12B)
[0313/151753.663:ERROR:process_memory_win.cc(73)] ReadMemory at 0x4e82000 of 944 bytes failed: 仅完成部分的 ReadProcessMemory 或 WriteProcessMemory 请求。 (0x12B)
[0313/151753.663:ERROR:process_memory_win.cc(73)] ReadMemory at 0x4e82e30 of 1056 bytes failed: 仅完成部分的 ReadProcessMemory 或 WriteProcessMemory 请求。 (0x12B)
[0313/151753.663:ERROR:process_memory_win.cc(73)] ReadMemory at 0x4e83c78 of 520 bytes failed: 仅完成部分的 ReadProcessMemory 或 WriteProcessMemory 请求。 (0x12B)
[0313/151753.663:ERROR:process_memory_win.cc(73)] ReadMemory at 0x4e841a8 of 560 bytes failed: 仅完成部分的 ReadProcessMemory 或 WriteProcessMemory 请求。 (0x12B)
[0313/151753.663:ERROR:process_memory_win.cc(73)] ReadMemory at 0x4e85b48 of 512 bytes failed: 仅完成部分的 ReadProcessMemory 或 WriteProcessMemory 请求。 (0x12B)
[0313/151753.663:ERROR:process_memory_win.cc(73)] ReadMemory at 0x4e86588 of 792 bytes failed: 仅完成部分的 ReadProcessMemory 或 WriteProcessMemory 请求。 (0x12B)
[0313/151753.663:ERROR:process_memory_win.cc(73)] ReadMemory at 0x4e86ee8 of 552 bytes failed: 仅完成部分的 ReadProcessMemory 或 WriteProcessMemory 请求。 (0x12B)
[0313/151753.663:ERROR:process_memory_win.cc(73)] ReadMemory at 0x4e879d7 of 513 bytes failed: 仅完成部分的 ReadProcessMemory 或 WriteProcessMemory 请求。 (0x12B)
[0313/151753.663:ERROR:process_memory_win.cc(73)] ReadMemory at 0x4e88cc8 of 624 bytes failed: 仅完成部分的 ReadProcessMemory 或 WriteProcessMemory 请求。 (0x12B)
[0313/151753.663:ERROR:process_memory_win.cc(73)] ReadMemory at 0x4e8f2e8 of 1000 bytes failed: 仅完成部分的 ReadProcessMemory 或 WriteProcessMemory 请求。 (0x12B)
[0313/151753.663:ERROR:process_memory_win.cc(73)] ReadMemory at 0x4e90598 of 1184 bytes failed: 仅完成部分的 ReadProcessMemory 或 WriteProcessMemory 请求。 (0x12B)
[0313/151753.664:ERROR:process_memory_win.cc(73)] ReadMemory at 0x4e91268 of 1000 bytes failed: 仅完成部分的 ReadProcessMemory 或 WriteProcessMemory 请求。 (0x12B)
[0313/151753.664:ERROR:process_memory_win.cc(73)] ReadMemory at 0x4e91f08 of 1248 bytes failed: 仅完成部分的 ReadProcessMemory 或 WriteProcessMemory 请求。 (0x12B)
[0313/151753.664:ERROR:process_memory_win.cc(73)] ReadMemory at 0x4e94bb0 of 512 bytes failed: 仅完成部分的 ReadProcessMemory 或 WriteProcessMemory 请求。 (0x12B)
[0313/151753.664:ERROR:process_memory_win.cc(73)] ReadMemory at 0x4e95078 of 512 bytes failed: 仅完成部分的 ReadProcessMemory 或 WriteProcessMemory 请求。 (0x12B)
[0313/151753.664:ERROR:process_memory_win.cc(73)] ReadMemory at 0x4e952d0 of 792 bytes failed: 仅完成部分的 ReadProcessMemory 或 WriteProcessMemory 请求。 (0x12B)
[0313/151753.664:ERROR:process_memory_win.cc(73)] ReadMemory at 0x4e960e0 of 524 bytes failed: 仅完成部分的 ReadProcessMemory 或 WriteProcessMemory 请求。 (0x12B)
[0313/151753.664:ERROR:process_memory_win.cc(73)] ReadMemory at 0x4e96680 of 896 bytes failed: 仅完成部分的 ReadProcessMemory 或 WriteProcessMemory 请求。 (0x12B)
[0313/151753.664:ERROR:process_memory_win.cc(73)] ReadMemory at 0x4e97ea8 of 520 bytes failed: 仅完成部分的 ReadProcessMemory 或 WriteProcessMemory 请求。 (0x12B)
[0313/151753.664:ERROR:process_memory_win.cc(73)] ReadMemory at 0x4e98718 of 512 bytes failed: 仅完成部分的 ReadProcessMemory 或 WriteProcessMemory 请求。 (0x12B)
[0313/151753.664:ERROR:process_memory_win.cc(73)] ReadMemory at 0x4e98d47 of 513 bytes failed: 仅完成部分的 ReadProcessMemory 或 WriteProcessMemory 请求。 (0x12B)
[0313/151753.664:ERROR:process_memory_win.cc(73)] ReadMemory at 0x4e9a270 of 604 bytes failed: 仅完成部分的 ReadProcessMemory 或 WriteProcessMemory 请求。 (0x12B)
[0313/151753.664:ERROR:process_memory_win.cc(73)] ReadMemory at 0x4e9ad00 of 1128 bytes failed: 仅完成部分的 ReadProcessMemory 或 WriteProcessMemory 请求。 (0x12B)
[0313/151753.664:ERROR:process_memory_win.cc(73)] ReadMemory at 0x4e9b480 of 568 bytes failed: 仅完成部分的 ReadProcessMemory 或 WriteProcessMemory 请求。 (0x12B)
[0313/151753.664:ERROR:process_memory_win.cc(73)] ReadMemory at 0x4e9c590 of 523 bytes failed: 仅完成部分的 ReadProcessMemory 或 WriteProcessMemory 请求。 (0x12B)
[0313/151753.664:ERROR:process_memory_win.cc(73)] ReadMemory at 0x4ea24b8 of 624 bytes failed: 仅完成部分的 ReadProcessMemory 或 WriteProcessMemory 请求。 (0x12B)
[0313/151753.664:ERROR:process_memory_win.cc(73)] ReadMemory at 0x4ea2a68 of 520 bytes failed: 仅完成部分的 ReadProcessMemory 或 WriteProcessMemory 请求。 (0x12B)
[0313/151753.664:ERROR:process_memory_win.cc(73)] ReadMemory at 0x4ea3f60 of 512 bytes failed: 仅完成部分的 ReadProcessMemory 或 WriteProcessMemory 请求。 (0x12B)
[0313/151753.664:ERROR:process_memory_win.cc(73)] ReadMemory at 0x4ea5281 of 512 bytes failed: 仅完成部分的 ReadProcessMemory 或 WriteProcessMemory 请求。 (0x12B)
[0313/151753.664:ERROR:process_memory_win.cc(73)] ReadMemory at 0x4ea63c8 of 552 bytes failed: 仅完成部分的 ReadProcessMemory 或 WriteProcessMemory 请求。 (0x12B)
[0313/151753.664:ERROR:process_memory_win.cc(73)] ReadMemory at 0x4eb2574 of 512 bytes failed: 仅完成部分的 ReadProcessMemory 或 WriteProcessMemory 请求。 (0x12B)
[0313/151753.664:ERROR:process_memory_win.cc(73)] ReadMemory at 0x4eb6188 of 532 bytes failed: 仅完成部分的 ReadProcessMemory 或 WriteProcessMemory 请求。 (0x12B)
[0313/151753.664:ERROR:process_memory_win.cc(73)] ReadMemory at 0x4eb6860 of 512 bytes failed: 仅完成部分的 ReadProcessMemory 或 WriteProcessMemory 请求。 (0x12B)
[0313/151753.664:ERROR:process_memory_win.cc(73)] ReadMemory at 0x4ebc480 of 512 bytes failed: 仅完成部分的 ReadProcessMemory 或 WriteProcessMemory 请求。 (0x12B)
[0313/151753.664:ERROR:process_memory_win.cc(73)] ReadMemory at 0x4ebcda8 of 512 bytes failed: 仅完成部分的 ReadProcessMemory 或 WriteProcessMemory 请求。 (0x12B)
[0313/151753.664:ERROR:process_memory_win.cc(73)] ReadMemory at 0x4ebd3c8 of 512 bytes failed: 仅完成部分的 ReadProcessMemory 或 WriteProcessMemory 请求。 (0x12B)
[0313/151753.664:ERROR:process_memory_win.cc(73)] ReadMemory at 0x4ec10b0 of 512 bytes failed: 仅完成部分的 ReadProcessMemory 或 WriteProcessMemory 请求。 (0x12B)
[0313/151753.664:ERROR:process_memory_win.cc(73)] ReadMemory at 0x4ec50d0 of 512 bytes failed: 仅完成部分的 ReadProcessMemory 或 WriteProcessMemory 请求。 (0x12B)
[0313/151753.664:ERROR:process_memory_win.cc(73)] ReadMemory at 0x4ec7108 of 512 bytes failed: 仅完成部分的 ReadProcessMemory 或 WriteProcessMemory 请求。 (0x12B)
[0313/151753.664:ERROR:process_memory_win.cc(73)] ReadMemory at 0x4eca0f8 of 512 bytes failed: 仅完成部分的 ReadProcessMemory 或 WriteProcessMemory 请求。 (0x12B)
[0313/151753.664:ERROR:process_memory_win.cc(73)] ReadMemory at 0x4edbc60 of 512 bytes failed: 仅完成部分的 ReadProcessMemory 或 WriteProcessMemory 请求。 (0x12B)
[0313/151753.664:ERROR:process_memory_win.cc(73)] ReadMemory at 0x4eea168 of 596 bytes failed: 仅完成部分的 ReadProcessMemory 或 WriteProcessMemory 请求。 (0x12B)
[0313/151753.664:ERROR:process_memory_win.cc(73)] ReadMemory at 0x4ef5760 of 512 bytes failed: 仅完成部分的 ReadProcessMemory 或 WriteProcessMemory 请求。 (0x12B)
[0313/151753.664:ERROR:process_memory_win.cc(73)] ReadMemory at 0x4ef5b38 of 512 bytes failed: 仅完成部分的 ReadProcessMemory 或 WriteProcessMemory 请求。 (0x12B)
[0313/151753.664:ERROR:process_memory_win.cc(73)] ReadMemory at 0x4ef9330 of 532 bytes failed: 仅完成部分的 ReadProcessMemory 或 WriteProcessMemory 请求。 (0x12B)
[0313/151753.664:ERROR:process_memory_win.cc(73)] ReadMemory at 0x4efcf18 of 916 bytes failed: 仅完成部分的 ReadProcessMemory 或 WriteProcessMemory 请求。 (0x12B)
[0313/151753.664:ERROR:process_memory_win.cc(73)] ReadMemory at 0x4f10000 of 884 bytes failed: 仅完成部分的 ReadProcessMemory 或 WriteProcessMemory 请求。 (0x12B)
[0313/151753.664:ERROR:process_memory_win.cc(73)] ReadMemory at 0x4f10750 of 944 bytes failed: 仅完成部分的 ReadProcessMemory 或 WriteProcessMemory 请求。 (0x12B)
[0313/151753.664:ERROR:process_memory_win.cc(73)] ReadMemory at 0x4f10d28 of 516 bytes failed: 仅完成部分的 ReadProcessMemory 或 WriteProcessMemory 请求。 (0x12B)
[0313/151753.664:ERROR:process_memory_win.cc(73)] ReadMemory at 0x4f10f34 of 720 bytes failed: 仅完成部分的 ReadProcessMemory 或 WriteProcessMemory 请求。 (0x12B)
[0313/151753.664:ERROR:process_memory_win.cc(73)] ReadMemory at 0x4f119c4 of 512 bytes failed: 仅完成部分的 ReadProcessMemory 或 WriteProcessMemory 请求。 (0x12B)
[0313/151753.664:ERROR:process_memory_win.cc(73)] ReadMemory at 0x4f12384 of 512 bytes failed: 仅完成部分的 ReadProcessMemory 或 WriteProcessMemory 请求。 (0x12B)
[0313/151753.664:ERROR:process_memory_win.cc(73)] ReadMemory at 0x4f15850 of 516 bytes failed: 仅完成部分的 ReadProcessMemory 或 WriteProcessMemory 请求。 (0x12B)
[0313/151753.664:ERROR:process_memory_win.cc(73)] ReadMemory at 0x4f15b90 of 516 bytes failed: 仅完成部分的 ReadProcessMemory 或 WriteProcessMemory 请求。 (0x12B)
[0313/151753.664:ERROR:process_memory_win.cc(73)] ReadMemory at 0x4f166f0 of 516 bytes failed: 仅完成部分的 ReadProcessMemory 或 WriteProcessMemory 请求。 (0x12B)
[0313/151753.664:ERROR:process_memory_win.cc(73)] ReadMemory at 0x4f18ff8 of 512 bytes failed: 仅完成部分的 ReadProcessMemory 或 WriteProcessMemory 请求。 (0x12B)
[0313/151753.664:ERROR:process_memory_win.cc(73)] ReadMemory at 0x4fb7a70 of 512 bytes failed: 仅完成部分的 ReadProcessMemory 或 WriteProcessMemory 请求。 (0x12B)
[0313/151753.664:ERROR:process_memory_win.cc(73)] ReadMemory at 0x4ffff80 of 512 bytes failed: 仅完成部分的 ReadProcessMemory 或 WriteProcessMemory 请求。 (0x12B)
[0313/151753.664:ERROR:process_memory_win.cc(73)] ReadMemory at 0x5437a70 of 512 bytes failed: 仅完成部分的 ReadProcessMemory 或 WriteProcessMemory 请求。 (0x12B)
[0313/151753.664:ERROR:process_memory_win.cc(73)] ReadMemory at 0x5717a70 of 512 bytes failed: 仅完成部分的 ReadProcessMemory 或 WriteProcessMemory 请求。 (0x12B)
[0313/151753.664:ERROR:process_memory_win.cc(73)] ReadMemory at 0x5858160 of 528 bytes failed: 仅完成部分的 ReadProcessMemory 或 WriteProcessMemory 请求。 (0x12B)
[0313/151753.664:ERROR:process_memory_win.cc(73)] ReadMemory at 0x59f7a70 of 512 bytes failed: 仅完成部分的 ReadProcessMemory 或 WriteProcessMemory 请求。 (0x12B)
[0313/151753.664:ERROR:process_memory_win.cc(73)] ReadMemory at 0x5b97a70 of 512 bytes failed: 仅完成部分的 ReadProcessMemory 或 WriteProcessMemory 请求。 (0x12B)
[0313/151753.664:ERROR:process_memory_win.cc(73)] ReadMemory at 0x5e77a70 of 512 bytes failed: 仅完成部分的 ReadProcessMemory 或 WriteProcessMemory 请求。 (0x12B)
[0313/151753.664:ERROR:process_memory_win.cc(73)] ReadMemory at 0x5eb85cc of 512 bytes failed: 仅完成部分的 ReadProcessMemory 或 WriteProcessMemory 请求。 (0x12B)
[0313/151753.664:ERROR:process_memory_win.cc(73)] ReadMemory at 0x6017a70 of 512 bytes failed: 仅完成部分的 ReadProcessMemory 或 WriteProcessMemory 请求。 (0x12B)
[0313/151753.664:ERROR:process_memory_win.cc(73)] ReadMemory at 0x62f7a70 of 512 bytes failed: 仅完成部分的 ReadProcessMemory 或 WriteProcessMemory 请求。 (0x12B)
[0313/151753.664:ERROR:process_memory_win.cc(73)] ReadMemory at 0x65d7a70 of 512 bytes failed: 仅完成部分的 ReadProcessMemory 或 WriteProcessMemory 请求。 (0x12B)
[0313/151753.664:ERROR:process_memory_win.cc(73)] ReadMemory at 0x6777a70 of 512 bytes failed: 仅完成部分的 ReadProcessMemory 或 WriteProcessMemory 请求。 (0x12B)
[0313/151753.664:ERROR:process_memory_win.cc(73)] ReadMemory at 0x6a57a70 of 512 bytes failed: 仅完成部分的 ReadProcessMemory 或 WriteProcessMemory 请求。 (0x12B)
[0313/151753.664:ERROR:process_memory_win.cc(73)] ReadMemory at 0x71ce328 of 536 bytes failed: 仅完成部分的 ReadProcessMemory 或 WriteProcessMemory 请求。 (0x12B)
[0313/151753.664:ERROR:process_memory_win.cc(73)] ReadMemory at 0x71d83a8 of 512 bytes failed: 仅完成部分的 ReadProcessMemory 或 WriteProcessMemory 请求。 (0x12B)
[0313/151753.664:ERROR:process_memory_win.cc(73)] ReadMemory at 0x71d86e0 of 592 bytes failed: 仅完成部分的 ReadProcessMemory 或 WriteProcessMemory 请求。 (0x12B)
[0313/151753.664:ERROR:process_memory_win.cc(73)] ReadMemory at 0x71d8e50 of 512 bytes failed: 仅完成部分的 ReadProcessMemory 或 WriteProcessMemory 请求。 (0x12B)
[0313/151753.664:ERROR:process_memory_win.cc(73)] ReadMemory at 0x71d9928 of 512 bytes failed: 仅完成部分的 ReadProcessMemory 或 WriteProcessMemory 请求。 (0x12B)
[0313/151753.664:ERROR:process_memory_win.cc(73)] ReadMemory at 0x71db938 of 512 bytes failed: 仅完成部分的 ReadProcessMemory 或 WriteProcessMemory 请求。 (0x12B)
[0313/151753.664:ERROR:process_memory_win.cc(73)] ReadMemory at 0x71dbd40 of 608 bytes failed: 仅完成部分的 ReadProcessMemory 或 WriteProcessMemory 请求。 (0x12B)
[0313/151753.664:ERROR:process_memory_win.cc(73)] ReadMemory at 0x71dd228 of 532 bytes failed: 仅完成部分的 ReadProcessMemory 或 WriteProcessMemory 请求。 (0x12B)
[0313/151753.664:ERROR:process_memory_win.cc(73)] ReadMemory at 0x71dec70 of 952 bytes failed: 仅完成部分的 ReadProcessMemory 或 WriteProcessMemory 请求。 (0x12B)
[0313/151753.664:ERROR:process_memory_win.cc(73)] ReadMemory at 0x71e6ae0 of 512 bytes failed: 仅完成部分的 ReadProcessMemory 或 WriteProcessMemory 请求。 (0x12B)
[0313/151753.664:ERROR:process_memory_win.cc(73)] ReadMemory at 0x71e9698 of 584 bytes failed: 仅完成部分的 ReadProcessMemory 或 WriteProcessMemory 请求。 (0x12B)
[0313/151753.664:ERROR:process_memory_win.cc(73)] ReadMemory at 0x7226881 of 987 bytes failed: 仅完成部分的 ReadProcessMemory 或 WriteProcessMemory 请求。 (0x12B)
[0313/151753.664:ERROR:process_memory_win.cc(73)] ReadMemory at 0x72701b8 of 512 bytes failed: 仅完成部分的 ReadProcessMemory 或 WriteProcessMemory 请求。 (0x12B)
[0313/151753.664:ERROR:process_memory_win.cc(73)] ReadMemory at 0x7284e80 of 528 bytes failed: 仅完成部分的 ReadProcessMemory 或 WriteProcessMemory 请求。 (0x12B)
[0313/151753.664:ERROR:process_memory_win.cc(73)] ReadMemory at 0x729d381 of 583 bytes failed: 仅完成部分的 ReadProcessMemory 或 WriteProcessMemory 请求。 (0x12B)
[0313/151753.664:ERROR:process_memory_win.cc(73)] ReadMemory at 0x72a3a68 of 512 bytes failed: 仅完成部分的 ReadProcessMemory 或 WriteProcessMemory 请求。 (0x12B)
[0313/151753.664:ERROR:process_memory_win.cc(73)] ReadMemory at 0x72aa390 of 540 bytes failed: 仅完成部分的 ReadProcessMemory 或 WriteProcessMemory 请求。 (0x12B)
[0313/151753.664:ERROR:process_memory_win.cc(73)] ReadMemory at 0x72adb7c of 512 bytes failed: 仅完成部分的 ReadProcessMemory 或 WriteProcessMemory 请求。 (0x12B)
[0313/151753.664:ERROR:process_memory_win.cc(73)] ReadMemory at 0x72adec0 of 584 bytes failed: 仅完成部分的 ReadProcessMemory 或 WriteProcessMemory 请求。 (0x12B)
[0313/151753.664:ERROR:process_memory_win.cc(73)] ReadMemory at 0x72bdec0 of 1072 bytes failed: 仅完成部分的 ReadProcessMemory 或 WriteProcessMemory 请求。 (0x12B)
[0313/151753.664:ERROR:process_memory_win.cc(73)] ReadMemory at 0x72be36f of 1345 bytes failed: 仅完成部分的 ReadProcessMemory 或 WriteProcessMemory 请求。 (0x12B)
[0313/151753.664:ERROR:process_memory_win.cc(73)] ReadMemory at 0x7ebff80 of 512 bytes failed: 仅完成部分的 ReadProcessMemory 或 WriteProcessMemory 请求。 (0x12B)
[0313/151753.664:ERROR:process_memory_win.cc(73)] ReadMemory at 0x7ec291c of 580 bytes failed: 仅完成部分的 ReadProcessMemory 或 WriteProcessMemory 请求。 (0x12B)
[0313/151753.664:ERROR:process_memory_win.cc(73)] ReadMemory at 0x7ec61e0 of 512 bytes failed: 仅完成部分的 ReadProcessMemory 或 WriteProcessMemory 请求。 (0x12B)
[0313/151753.664:ERROR:process_memory_win.cc(73)] ReadMemory at 0x7eca798 of 512 bytes failed: 仅完成部分的 ReadProcessMemory 或 WriteProcessMemory 请求。 (0x12B)
[0313/151753.664:ERROR:process_memory_win.cc(73)] ReadMemory at 0x7ecaa38 of 512 bytes failed: 仅完成部分的 ReadProcessMemory 或 WriteProcessMemory 请求。 (0x12B)
[0313/151753.664:ERROR:process_memory_win.cc(73)] ReadMemory at 0x7ecb508 of 532 bytes failed: 仅完成部分的 ReadProcessMemory 或 WriteProcessMemory 请求。 (0x12B)
[0313/151753.664:ERROR:process_memory_win.cc(73)] ReadMemory at 0x7ecc348 of 512 bytes failed: 仅完成部分的 ReadProcessMemory 或 WriteProcessMemory 请求。 (0x12B)
[0313/151753.664:ERROR:process_memory_win.cc(73)] ReadMemory at 0x7ed04e8 of 880 bytes failed: 仅完成部分的 ReadProcessMemory 或 WriteProcessMemory 请求。 (0x12B)
[0313/151753.664:ERROR:process_memory_win.cc(73)] ReadMemory at 0x7ed2970 of 524 bytes failed: 仅完成部分的 ReadProcessMemory 或 WriteProcessMemory 请求。 (0x12B)
[0313/151753.665:ERROR:process_memory_win.cc(73)] ReadMemory at 0x7ed6670 of 744 bytes failed: 仅完成部分的 ReadProcessMemory 或 WriteProcessMemory 请求。 (0x12B)
[0313/151753.665:ERROR:process_memory_win.cc(73)] ReadMemory at 0x7ed6f08 of 512 bytes failed: 仅完成部分的 ReadProcessMemory 或 WriteProcessMemory 请求。 (0x12B)
[0313/151753.665:ERROR:process_memory_win.cc(73)] ReadMemory at 0x7ed7a70 of 512 bytes failed: 仅完成部分的 ReadProcessMemory 或 WriteProcessMemory 请求。 (0x12B)
[0313/151753.665:ERROR:process_memory_win.cc(73)] ReadMemory at 0x7ed90c0 of 512 bytes failed: 仅完成部分的 ReadProcessMemory 或 WriteProcessMemory 请求。 (0x12B)
[0313/151753.665:ERROR:process_memory_win.cc(73)] ReadMemory at 0x7eda7a8 of 512 bytes failed: 仅完成部分的 ReadProcessMemory 或 WriteProcessMemory 请求。 (0x12B)
[0313/151753.665:ERROR:process_memory_win.cc(73)] ReadMemory at 0x7edb4a8 of 528 bytes failed: 仅完成部分的 ReadProcessMemory 或 WriteProcessMemory 请求。 (0x12B)
[0313/151753.665:ERROR:process_memory_win.cc(73)] ReadMemory at 0x7ee0920 of 532 bytes failed: 仅完成部分的 ReadProcessMemory 或 WriteProcessMemory 请求。 (0x12B)
[0313/151753.665:ERROR:process_memory_win.cc(73)] ReadMemory at 0x7ee0b47 of 585 bytes failed: 仅完成部分的 ReadProcessMemory 或 WriteProcessMemory 请求。 (0x12B)
[0313/151753.665:ERROR:process_memory_win.cc(73)] ReadMemory at 0x7eea858 of 512 bytes failed: 仅完成部分的 ReadProcessMemory 或 WriteProcessMemory 请求。 (0x12B)
[0313/151753.665:ERROR:process_memory_win.cc(73)] ReadMemory at 0x7eeb460 of 540 bytes failed: 仅完成部分的 ReadProcessMemory 或 WriteProcessMemory 请求。 (0x12B)
[0313/151753.665:ERROR:process_memory_win.cc(73)] ReadMemory at 0x7eeb87c of 512 bytes failed: 仅完成部分的 ReadProcessMemory 或 WriteProcessMemory 请求。 (0x12B)
[0313/151753.665:ERROR:process_memory_win.cc(73)] ReadMemory at 0x7f039e0 of 776 bytes failed: 仅完成部分的 ReadProcessMemory 或 WriteProcessMemory 请求。 (0x12B)
[0313/151753.665:ERROR:process_memory_win.cc(73)] ReadMemory at 0x7f12b85 of 715 bytes failed: 仅完成部分的 ReadProcessMemory 或 WriteProcessMemory 请求。 (0x12B)
[0313/151753.665:ERROR:process_memory_win.cc(73)] ReadMemory at 0x7f26140 of 512 bytes failed: 仅完成部分的 ReadProcessMemory 或 WriteProcessMemory 请求。 (0x12B)
[0313/151753.665:ERROR:process_memory_win.cc(73)] ReadMemory at 0x7f37478 of 512 bytes failed: 仅完成部分的 ReadProcessMemory 或 WriteProcessMemory 请求。 (0x12B)
[0313/151753.665:ERROR:process_memory_win.cc(73)] ReadMemory at 0x7f3bf80 of 532 bytes failed: 仅完成部分的 ReadProcessMemory 或 WriteProcessMemory 请求。 (0x12B)
[0313/151753.665:ERROR:process_memory_win.cc(73)] ReadMemory at 0x7f411f8 of 512 bytes failed: 仅完成部分的 ReadProcessMemory 或 WriteProcessMemory 请求。 (0x12B)
[0313/151753.665:ERROR:process_memory_win.cc(73)] ReadMemory at 0x7f41780 of 512 bytes failed: 仅完成部分的 ReadProcessMemory 或 WriteProcessMemory 请求。 (0x12B)
[0313/151753.665:ERROR:process_memory_win.cc(73)] ReadMemory at 0x7f41f80 of 624 bytes failed: 仅完成部分的 ReadProcessMemory 或 WriteProcessMemory 请求。 (0x12B)
[0313/151753.665:ERROR:process_memory_win.cc(73)] ReadMemory at 0x7f46e38 of 532 bytes failed: 仅完成部分的 ReadProcessMemory 或 WriteProcessMemory 请求。 (0x12B)
[0313/151753.665:ERROR:process_memory_win.cc(73)] ReadMemory at 0x7f48918 of 533 bytes failed: 仅完成部分的 ReadProcessMemory 或 WriteProcessMemory 请求。 (0x12B)
[0313/151753.665:ERROR:process_memory_win.cc(73)] ReadMemory at 0x7f54470 of 772 bytes failed: 仅完成部分的 ReadProcessMemory 或 WriteProcessMemory 请求。 (0x12B)
[0313/151753.665:ERROR:process_memory_win.cc(73)] ReadMemory at 0x7f56808 of 516 bytes failed: 仅完成部分的 ReadProcessMemory 或 WriteProcessMemory 请求。 (0x12B)
[0313/151753.665:ERROR:process_memory_win.cc(73)] ReadMemory at 0x7f5a460 of 512 bytes failed: 仅完成部分的 ReadProcessMemory 或 WriteProcessMemory 请求。 (0x12B)
[0313/151753.665:ERROR:process_memory_win.cc(73)] ReadMemory at 0x7f5ff80 of 512 bytes failed: 仅完成部分的 ReadProcessMemory 或 WriteProcessMemory 请求。 (0x12B)
[0313/151753.665:ERROR:process_memory_win.cc(73)] ReadMemory at 0x7f67ad8 of 684 bytes failed: 仅完成部分的 ReadProcessMemory 或 WriteProcessMemory 请求。 (0x12B)
[0313/151753.665:ERROR:process_memory_win.cc(73)] ReadMemory at 0x7f72448 of 512 bytes failed: 仅完成部分的 ReadProcessMemory 或 WriteProcessMemory 请求。 (0x12B)
[0313/151753.665:ERROR:process_memory_win.cc(73)] ReadMemory at 0x7f79860 of 636 bytes failed: 仅完成部分的 ReadProcessMemory 或 WriteProcessMemory 请求。 (0x12B)
[0313/151753.665:ERROR:process_memory_win.cc(73)] ReadMemory at 0x7f7a48c of 512 bytes failed: 仅完成部分的 ReadProcessMemory 或 WriteProcessMemory 请求。 (0x12B)
[0313/151753.665:ERROR:process_memory_win.cc(73)] ReadMemory at 0x7f7fc68 of 632 bytes failed: 仅完成部分的 ReadProcessMemory 或 WriteProcessMemory 请求。 (0x12B)
[0313/151753.665:ERROR:process_memory_win.cc(73)] ReadMemory at 0x7f84030 of 512 bytes failed: 仅完成部分的 ReadProcessMemory 或 WriteProcessMemory 请求。 (0x12B)
[0313/151753.665:ERROR:process_memory_win.cc(73)] ReadMemory at 0x7fa6808 of 512 bytes failed: 仅完成部分的 ReadProcessMemory 或 WriteProcessMemory 请求。 (0x12B)
[0313/151753.665:ERROR:process_memory_win.cc(73)] ReadMemory at 0x7fbecc0 of 512 bytes failed: 仅完成部分的 ReadProcessMemory 或 WriteProcessMemory 请求。 (0x12B)
[0313/151753.665:ERROR:process_memory_win.cc(73)] ReadMemory at 0x7fbf058 of 528 bytes failed: 仅完成部分的 ReadProcessMemory 或 WriteProcessMemory 请求。 (0x12B)
[0313/151753.665:ERROR:process_memory_win.cc(73)] ReadMemory at 0x7ff5a70 of 512 bytes failed: 仅完成部分的 ReadProcessMemory 或 WriteProcessMemory 请求。 (0x12B)
[0313/151753.665:ERROR:process_memory_win.cc(73)] ReadMemory at 0x7ff5f10 of 512 bytes failed: 仅完成部分的 ReadProcessMemory 或 WriteProcessMemory 请求。 (0x12B)
[0313/151753.665:ERROR:process_memory_win.cc(73)] ReadMemory at 0x7ffff7f of 832 bytes failed: 仅完成部分的 ReadProcessMemory 或 WriteProcessMemory 请求。 (0x12B)
[0313/151753.665:ERROR:process_memory_win.cc(73)] ReadMemory at 0x800e8b8 of 512 bytes failed: 仅完成部分的 ReadProcessMemory 或 WriteProcessMemory 请求。 (0x12B)
[0313/151753.665:ERROR:process_memory_win.cc(73)] ReadMemory at 0x801ca68 of 512 bytes failed: 仅完成部分的 ReadProcessMemory 或 WriteProcessMemory 请求。 (0x12B)
[0313/151753.665:ERROR:process_memory_win.cc(73)] ReadMemory at 0x8028f80 of 512 bytes failed: 仅完成部分的 ReadProcessMemory 或 WriteProcessMemory 请求。 (0x12B)
[0313/151753.665:ERROR:process_memory_win.cc(73)] ReadMemory at 0x8029f20 of 512 bytes failed: 仅完成部分的 ReadProcessMemory 或 WriteProcessMemory 请求。 (0x12B)
[0313/151753.665:ERROR:process_memory_win.cc(73)] ReadMemory at 0x802a580 of 512 bytes failed: 仅完成部分的 ReadProcessMemory 或 WriteProcessMemory 请求。 (0x12B)
[0313/151753.665:ERROR:process_memory_win.cc(73)] ReadMemory at 0x8034890 of 512 bytes failed: 仅完成部分的 ReadProcessMemory 或 WriteProcessMemory 请求。 (0x12B)
[0313/151753.665:ERROR:process_memory_win.cc(73)] ReadMemory at 0x80353f8 of 832 bytes failed: 仅完成部分的 ReadProcessMemory 或 WriteProcessMemory 请求。 (0x12B)
[0313/151753.665:ERROR:process_memory_win.cc(73)] ReadMemory at 0x8035d18 of 512 bytes failed: 仅完成部分的 ReadProcessMemory 或 WriteProcessMemory 请求。 (0x12B)
[0313/151753.665:ERROR:process_memory_win.cc(73)] ReadMemory at 0x8041650 of 512 bytes failed: 仅完成部分的 ReadProcessMemory 或 WriteProcessMemory 请求。 (0x12B)
[0313/151753.665:ERROR:process_memory_win.cc(73)] ReadMemory at 0x80493d8 of 512 bytes failed: 仅完成部分的 ReadProcessMemory 或 WriteProcessMemory 请求。 (0x12B)
[0313/151753.665:ERROR:process_memory_win.cc(73)] ReadMemory at 0x8055ed0 of 512 bytes failed: 仅完成部分的 ReadProcessMemory 或 WriteProcessMemory 请求。 (0x12B)
[0313/151753.665:ERROR:process_memory_win.cc(73)] ReadMemory at 0x80576e0 of 520 bytes failed: 仅完成部分的 ReadProcessMemory 或 WriteProcessMemory 请求。 (0x12B)
[0313/151753.665:ERROR:process_memory_win.cc(73)] ReadMemory at 0x8057928 of 512 bytes failed: 仅完成部分的 ReadProcessMemory 或 WriteProcessMemory 请求。 (0x12B)
[0313/151753.665:ERROR:process_memory_win.cc(73)] ReadMemory at 0x8059780 of 512 bytes failed: 仅完成部分的 ReadProcessMemory 或 WriteProcessMemory 请求。 (0x12B)
[0313/151753.665:ERROR:process_memory_win.cc(73)] ReadMemory at 0x8066448 of 992 bytes failed: 仅完成部分的 ReadProcessMemory 或 WriteProcessMemory 请求。 (0x12B)
[0313/151753.665:ERROR:process_memory_win.cc(73)] ReadMemory at 0x806eb98 of 512 bytes failed: 仅完成部分的 ReadProcessMemory 或 WriteProcessMemory 请求。 (0x12B)
[0313/151753.665:ERROR:process_memory_win.cc(73)] ReadMemory at 0x8077a70 of 512 bytes failed: 仅完成部分的 ReadProcessMemory 或 WriteProcessMemory 请求。 (0x12B)
[0313/151753.665:ERROR:process_memory_win.cc(73)] ReadMemory at 0x8090b85 of 787 bytes failed: 仅完成部分的 ReadProcessMemory 或 WriteProcessMemory 请求。 (0x12B)
[0313/151753.665:ERROR:process_memory_win.cc(73)] ReadMemory at 0x80a013b of 512 bytes failed: 仅完成部分的 ReadProcessMemory 或 WriteProcessMemory 请求。 (0x12B)
[0313/151753.665:ERROR:process_memory_win.cc(73)] ReadMemory at 0x80ae5f5 of 811 bytes failed: 仅完成部分的 ReadProcessMemory 或 WriteProcessMemory 请求。 (0x12B)
[0313/151753.665:ERROR:process_memory_win.cc(73)] ReadMemory at 0x80b0780 of 512 bytes failed: 仅完成部分的 ReadProcessMemory 或 WriteProcessMemory 请求。 (0x12B)
[0313/151753.665:ERROR:process_memory_win.cc(73)] ReadMemory at 0x87d7a70 of 512 bytes failed: 仅完成部分的 ReadProcessMemory 或 WriteProcessMemory 请求。 (0x12B)
[0313/151753.665:ERROR:process_memory_win.cc(73)] ReadMemory at 0x8977a70 of 512 bytes failed: 仅完成部分的 ReadProcessMemory 或 WriteProcessMemory 请求。 (0x12B)
[0313/151753.665:ERROR:process_memory_win.cc(73)] ReadMemory at 0x8c57a70 of 512 bytes failed: 仅完成部分的 ReadProcessMemory 或 WriteProcessMemory 请求。 (0x12B)
[0313/151753.665:ERROR:process_memory_win.cc(73)] ReadMemory at 0x8f37a70 of 512 bytes failed: 仅完成部分的 ReadProcessMemory 或 WriteProcessMemory 请求。 (0x12B)
[0313/151753.665:ERROR:process_memory_win.cc(73)] ReadMemory at 0x9217a70 of 512 bytes failed: 仅完成部分的 ReadProcessMemory 或 WriteProcessMemory 请求。 (0x12B)
[0313/151753.665:ERROR:process_memory_win.cc(73)] ReadMemory at 0x94f7a70 of 512 bytes failed: 仅完成部分的 ReadProcessMemory 或 WriteProcessMemory 请求。 (0x12B)
[0313/151753.665:ERROR:process_memory_win.cc(73)] ReadMemory at 0x97d7a70 of 512 bytes failed: 仅完成部分的 ReadProcessMemory 或 WriteProcessMemory 请求。 (0x12B)
[0313/151753.665:ERROR:process_memory_win.cc(73)] ReadMemory at 0x9b17a70 of 512 bytes failed: 仅完成部分的 ReadProcessMemory 或 WriteProcessMemory 请求。 (0x12B)
[0313/151753.665:ERROR:process_memory_win.cc(73)] ReadMemory at 0x9cb7a70 of 512 bytes failed: 仅完成部分的 ReadProcessMemory 或 WriteProcessMemory 请求。 (0x12B)
[0313/151753.665:ERROR:process_memory_win.cc(73)] ReadMemory at 0x9f97a70 of 512 bytes failed: 仅完成部分的 ReadProcessMemory 或 WriteProcessMemory 请求。 (0x12B)
[0313/151753.665:ERROR:process_memory_win.cc(73)] ReadMemory at 0xa006cef of 512 bytes failed: 仅完成部分的 ReadProcessMemory 或 WriteProcessMemory 请求。 (0x12B)
[0313/151753.665:ERROR:process_memory_win.cc(73)] ReadMemory at 0xa277a70 of 512 bytes failed: 仅完成部分的 ReadProcessMemory 或 WriteProcessMemory 请求。 (0x12B)
[0313/151753.665:ERROR:process_memory_win.cc(73)] ReadMemory at 0xa557a70 of 512 bytes failed: 仅完成部分的 ReadProcessMemory 或 WriteProcessMemory 请求。 (0x12B)
[0313/151753.665:ERROR:process_memory_win.cc(73)] ReadMemory at 0xa6f7a70 of 512 bytes failed: 仅完成部分的 ReadProcessMemory 或 WriteProcessMemory 请求。 (0x12B)
[0313/151753.665:ERROR:process_memory_win.cc(73)] ReadMemory at 0xa9d7a70 of 512 bytes failed: 仅完成部分的 ReadProcessMemory 或 WriteProcessMemory 请求。 (0x12B)
[0313/151753.665:ERROR:process_memory_win.cc(73)] ReadMemory at 0xacb7a70 of 512 bytes failed: 仅完成部分的 ReadProcessMemory 或 WriteProcessMemory 请求。 (0x12B)
[0313/151753.665:ERROR:process_memory_win.cc(73)] ReadMemory at 0xaf97a70 of 512 bytes failed: 仅完成部分的 ReadProcessMemory 或 WriteProcessMemory 请求。 (0x12B)
[0313/151753.665:ERROR:process_memory_win.cc(73)] ReadMemory at 0xb277a70 of 512 bytes failed: 仅完成部分的 ReadProcessMemory 或 WriteProcessMemory 请求。 (0x12B)
[0313/151753.665:ERROR:process_memory_win.cc(73)] ReadMemory at 0xb417a70 of 512 bytes failed: 仅完成部分的 ReadProcessMemory 或 WriteProcessMemory 请求。 (0x12B)
[0313/151753.665:ERROR:process_memory_win.cc(73)] ReadMemory at 0xb4ec37e of 512 bytes failed: 仅完成部分的 ReadProcessMemory 或 WriteProcessMemory 请求。 (0x12B)
[0313/151753.665:ERROR:process_memory_win.cc(73)] ReadMemory at 0xb6f7a70 of 512 bytes failed: 仅完成部分的 ReadProcessMemory 或 WriteProcessMemory 请求。 (0x12B)
[0313/151753.665:ERROR:process_memory_win.cc(73)] ReadMemory at 0xb9d7a70 of 512 bytes failed: 仅完成部分的 ReadProcessMemory 或 WriteProcessMemory 请求。 (0x12B)
[0313/151753.665:ERROR:process_memory_win.cc(73)] ReadMemory at 0xbb35896 of 512 bytes failed: 仅完成部分的 ReadProcessMemory 或 WriteProcessMemory 请求。 (0x12B)
[0313/151753.665:ERROR:process_memory_win.cc(73)] ReadMemory at 0xbcb7a70 of 512 bytes failed: 仅完成部分的 ReadProcessMemory 或 WriteProcessMemory 请求。 (0x12B)
[0313/151753.665:ERROR:process_memory_win.cc(73)] ReadMemory at 0xbf97a70 of 512 bytes failed: 仅完成部分的 ReadProcessMemory 或 WriteProcessMemory 请求。 (0x12B)
[0313/151753.665:ERROR:process_memory_win.cc(73)] ReadMemory at 0xbffff8c of 512 bytes failed: 仅完成部分的 ReadProcessMemory 或 WriteProcessMemory 请求。 (0x12B)
[0313/151753.665:ERROR:process_memory_win.cc(73)] ReadMemory at 0xc0cc378 of 512 bytes failed: 仅完成部分的 ReadProcessMemory 或 WriteProcessMemory 请求。 (0x12B)
[0313/151753.665:ERROR:process_memory_win.cc(73)] ReadMemory at 0xc137a70 of 512 bytes failed: 仅完成部分的 ReadProcessMemory 或 WriteProcessMemory 请求。 (0x12B)
[0313/151753.665:ERROR:process_memory_win.cc(73)] ReadMemory at 0xc417a70 of 512 bytes failed: 仅完成部分的 ReadProcessMemory 或 WriteProcessMemory 请求。 (0x12B)
[0313/151753.665:ERROR:process_memory_win.cc(73)] ReadMemory at 0xc6f7a70 of 512 bytes failed: 仅完成部分的 ReadProcessMemory 或 WriteProcessMemory 请求。 (0x12B)
[0313/151753.665:ERROR:process_memory_win.cc(73)] ReadMemory at 0xc9d7a70 of 512 bytes failed: 仅完成部分的 ReadProcessMemory 或 WriteProcessMemory 请求。 (0x12B)
[0313/151753.665:ERROR:process_memory_win.cc(73)] ReadMemory at 0xccb7a70 of 512 bytes failed: 仅完成部分的 ReadProcessMemory 或 WriteProcessMemory 请求。 (0x12B)
[0313/151753.665:ERROR:process_memory_win.cc(73)] ReadMemory at 0xcf97a70 of 512 bytes failed: 仅完成部分的 ReadProcessMemory 或 WriteProcessMemory 请求。 (0x12B)
[0313/151753.666:ERROR:process_memory_win.cc(73)] ReadMemory at 0xd015530 of 512 bytes failed: 仅完成部分的 ReadProcessMemory 或 WriteProcessMemory 请求。 (0x12B)
[0313/151753.666:ERROR:process_memory_win.cc(73)] ReadMemory at 0xd017010 of 512 bytes failed: 仅完成部分的 ReadProcessMemory 或 WriteProcessMemory 请求。 (0x12B)
[0313/151753.666:ERROR:process_memory_win.cc(73)] ReadMemory at 0xd0b4c18 of 512 bytes failed: 仅完成部分的 ReadProcessMemory 或 WriteProcessMemory 请求。 (0x12B)
[0313/151753.666:ERROR:process_memory_win.cc(73)] ReadMemory at 0xd0c0f30 of 512 bytes failed: 仅完成部分的 ReadProcessMemory 或 WriteProcessMemory 请求。 (0x12B)
[0313/151753.666:ERROR:process_memory_win.cc(73)] ReadMemory at 0xd0d62f0 of 520 bytes failed: 仅完成部分的 ReadProcessMemory 或 WriteProcessMemory 请求。 (0x12B)
[0313/151753.666:ERROR:process_memory_win.cc(73)] ReadMemory at 0xd0dff80 of 512 bytes failed: 仅完成部分的 ReadProcessMemory 或 WriteProcessMemory 请求。 (0x12B)
[0313/151753.666:ERROR:process_memory_win.cc(73)] ReadMemory at 0xd13240c of 512 bytes failed: 仅完成部分的 ReadProcessMemory 或 WriteProcessMemory 请求。 (0x12B)
[0313/151753.666:ERROR:process_memory_win.cc(73)] ReadMemory at 0xd1381a8 of 512 bytes failed: 仅完成部分的 ReadProcessMemory 或 WriteProcessMemory 请求。 (0x12B)
[0313/151753.666:ERROR:process_memory_win.cc(73)] ReadMemory at 0xd13c680 of 512 bytes failed: 仅完成部分的 ReadProcessMemory 或 WriteProcessMemory 请求。 (0x12B)
[0313/151753.666:ERROR:process_memory_win.cc(73)] ReadMemory at 0xd13dfd0 of 532 bytes failed: 仅完成部分的 ReadProcessMemory 或 WriteProcessMemory 请求。 (0x12B)
[0313/151753.666:ERROR:process_memory_win.cc(73)] ReadMemory at 0xd13e268 of 512 bytes failed: 仅完成部分的 ReadProcessMemory 或 WriteProcessMemory 请求。 (0x12B)
[0313/151753.666:ERROR:process_memory_win.cc(73)] ReadMemory at 0xd155718 of 512 bytes failed: 仅完成部分的 ReadProcessMemory 或 WriteProcessMemory 请求。 (0x12B)
[0313/151753.666:ERROR:process_memory_win.cc(73)] ReadMemory at 0xd155a60 of 512 bytes failed: 仅完成部分的 ReadProcessMemory 或 WriteProcessMemory 请求。 (0x12B)
[0313/151753.666:ERROR:process_memory_win.cc(73)] ReadMemory at 0xd156878 of 512 bytes failed: 仅完成部分的 ReadProcessMemory 或 WriteProcessMemory 请求。 (0x12B)
[0313/151753.666:ERROR:process_memory_win.cc(73)] ReadMemory at 0xd15b568 of 520 bytes failed: 仅完成部分的 ReadProcessMemory 或 WriteProcessMemory 请求。 (0x12B)
[0313/151753.666:ERROR:process_memory_win.cc(73)] ReadMemory at 0xd1625e0 of 512 bytes failed: 仅完成部分的 ReadProcessMemory 或 WriteProcessMemory 请求。 (0x12B)
[0313/151753.666:ERROR:process_memory_win.cc(73)] ReadMemory at 0xd162834 of 968 bytes failed: 仅完成部分的 ReadProcessMemory 或 WriteProcessMemory 请求。 (0x12B)
[0313/151753.666:ERROR:process_memory_win.cc(73)] ReadMemory at 0xd193920 of 512 bytes failed: 仅完成部分的 ReadProcessMemory 或 WriteProcessMemory 请求。 (0x12B)
[0313/151753.666:ERROR:process_memory_win.cc(73)] ReadMemory at 0xd1accb8 of 512 bytes failed: 仅完成部分的 ReadProcessMemory 或 WriteProcessMemory 请求。 (0x12B)
[0313/151753.666:ERROR:process_memory_win.cc(73)] ReadMemory at 0xd1b69c8 of 1216 bytes failed: 仅完成部分的 ReadProcessMemory 或 WriteProcessMemory 请求。 (0x12B)
[0313/151753.666:ERROR:process_memory_win.cc(73)] ReadMemory at 0xd1cee74 of 548 bytes failed: 仅完成部分的 ReadProcessMemory 或 WriteProcessMemory 请求。 (0x12B)
[0313/151753.666:ERROR:process_memory_win.cc(73)] ReadMemory at 0xd1d08c8 of 512 bytes failed: 仅完成部分的 ReadProcessMemory 或 WriteProcessMemory 请求。 (0x12B)
[0313/151753.666:ERROR:process_memory_win.cc(73)] ReadMemory at 0xd1d5350 of 512 bytes failed: 仅完成部分的 ReadProcessMemory 或 WriteProcessMemory 请求。 (0x12B)
[0313/151753.666:ERROR:process_memory_win.cc(73)] ReadMemory at 0xd1d61a0 of 512 bytes failed: 仅完成部分的 ReadProcessMemory 或 WriteProcessMemory 请求。 (0x12B)
[0313/151753.666:ERROR:process_memory_win.cc(73)] ReadMemory at 0xd21acc7 of 513 bytes failed: 仅完成部分的 ReadProcessMemory 或 WriteProcessMemory 请求。 (0x12B)
[0313/151753.666:ERROR:process_memory_win.cc(73)] ReadMemory at 0xd21e1a8 of 512 bytes failed: 仅完成部分的 ReadProcessMemory 或 WriteProcessMemory 请求。 (0x12B)
[0313/151753.666:ERROR:process_memory_win.cc(73)] ReadMemory at 0xd21faec of 512 bytes failed: 仅完成部分的 ReadProcessMemory 或 WriteProcessMemory 请求。 (0x12B)
[0313/151753.666:ERROR:process_memory_win.cc(73)] ReadMemory at 0xd277a70 of 512 bytes failed: 仅完成部分的 ReadProcessMemory 或 WriteProcessMemory 请求。 (0x12B)
[0313/151753.666:ERROR:process_memory_win.cc(73)] ReadMemory at 0xd28a168 of 512 bytes failed: 仅完成部分的 ReadProcessMemory 或 WriteProcessMemory 请求。 (0x12B)
[0313/151753.666:ERROR:process_memory_win.cc(73)] ReadMemory at 0xd28ffa0 of 528 bytes failed: 仅完成部分的 ReadProcessMemory 或 WriteProcessMemory 请求。 (0x12B)
[0313/151753.666:ERROR:process_memory_win.cc(73)] ReadMemory at 0xd2901e8 of 701 bytes failed: 仅完成部分的 ReadProcessMemory 或 WriteProcessMemory 请求。 (0x12B)
[0313/151753.666:ERROR:process_memory_win.cc(73)] ReadMemory at 0xd29deb8 of 19728 bytes failed: 仅完成部分的 ReadProcessMemory 或 WriteProcessMemory 请求。 (0x12B)
[0313/151753.666:ERROR:process_memory_win.cc(73)] ReadMemory at 0xd2aaa68 of 532 bytes failed: 仅完成部分的 ReadProcessMemory 或 WriteProcessMemory 请求。 (0x12B)
[0313/151753.666:ERROR:process_memory_win.cc(73)] ReadMemory at 0xd2abe20 of 512 bytes failed: 仅完成部分的 ReadProcessMemory 或 WriteProcessMemory 请求。 (0x12B)
[0313/151753.666:ERROR:process_memory_win.cc(73)] ReadMemory at 0xd2b3e28 of 520 bytes failed: 仅完成部分的 ReadProcessMemory 或 WriteProcessMemory 请求。 (0x12B)
[0313/151753.666:ERROR:process_memory_win.cc(73)] ReadMemory at 0xd2b6f80 of 728 bytes failed: 仅完成部分的 ReadProcessMemory 或 WriteProcessMemory 请求。 (0x12B)
[0313/151753.666:ERROR:process_memory_win.cc(73)] ReadMemory at 0xd2baa10 of 512 bytes failed: 仅完成部分的 ReadProcessMemory 或 WriteProcessMemory 请求。 (0x12B)
[0313/151753.666:ERROR:process_memory_win.cc(73)] ReadMemory at 0xd3b4edc of 512 bytes failed: 仅完成部分的 ReadProcessMemory 或 WriteProcessMemory 请求。 (0x12B)
[0313/151753.666:ERROR:process_memory_win.cc(73)] ReadMemory at 0xd3b5710 of 512 bytes failed: 仅完成部分的 ReadProcessMemory 或 WriteProcessMemory 请求。 (0x12B)
[0313/151753.666:ERROR:process_memory_win.cc(73)] ReadMemory at 0xd3b7ed0 of 520 bytes failed: 仅完成部分的 ReadProcessMemory 或 WriteProcessMemory 请求。 (0x12B)
[0313/151753.666:ERROR:process_memory_win.cc(73)] ReadMemory at 0xd3b8d48 of 512 bytes failed: 仅完成部分的 ReadProcessMemory 或 WriteProcessMemory 请求。 (0x12B)
[0313/151753.666:ERROR:process_memory_win.cc(73)] ReadMemory at 0xd3ba468 of 512 bytes failed: 仅完成部分的 ReadProcessMemory 或 WriteProcessMemory 请求。 (0x12B)
[0313/151753.666:ERROR:process_memory_win.cc(73)] ReadMemory at 0xd3bad50 of 512 bytes failed: 仅完成部分的 ReadProcessMemory 或 WriteProcessMemory 请求。 (0x12B)
[0313/151753.666:ERROR:process_memory_win.cc(73)] ReadMemory at 0xd3c1d10 of 880 bytes failed: 仅完成部分的 ReadProcessMemory 或 WriteProcessMemory 请求。 (0x12B)
[0313/151753.666:ERROR:process_memory_win.cc(73)] ReadMemory at 0xd3c2608 of 664 bytes failed: 仅完成部分的 ReadProcessMemory 或 WriteProcessMemory 请求。 (0x12B)
[0313/151753.666:ERROR:process_memory_win.cc(73)] ReadMemory at 0xd3c2958 of 512 bytes failed: 仅完成部分的 ReadProcessMemory 或 WriteProcessMemory 请求。 (0x12B)
[0313/151753.666:ERROR:process_memory_win.cc(73)] ReadMemory at 0xd3c6d40 of 512 bytes failed: 仅完成部分的 ReadProcessMemory 或 WriteProcessMemory 请求。 (0x12B)
[0313/151753.666:ERROR:process_memory_win.cc(73)] ReadMemory at 0xd3c7d48 of 532 bytes failed: 仅完成部分的 ReadProcessMemory 或 WriteProcessMemory 请求。 (0x12B)
[0313/151753.666:ERROR:process_memory_win.cc(73)] ReadMemory at 0xd3c9230 of 512 bytes failed: 仅完成部分的 ReadProcessMemory 或 WriteProcessMemory 请求。 (0x12B)
[0313/151753.666:ERROR:process_memory_win.cc(73)] ReadMemory at 0xd3c9d20 of 512 bytes failed: 仅完成部分的 ReadProcessMemory 或 WriteProcessMemory 请求。 (0x12B)
[0313/151753.666:ERROR:process_memory_win.cc(73)] ReadMemory at 0xd3f9682 of 910 bytes failed: 仅完成部分的 ReadProcessMemory 或 WriteProcessMemory 请求。 (0x12B)
[0313/151753.666:ERROR:process_memory_win.cc(73)] ReadMemory at 0xd3ffa90 of 712 bytes failed: 仅完成部分的 ReadProcessMemory 或 WriteProcessMemory 请求。 (0x12B)
[0313/151753.666:ERROR:process_memory_win.cc(73)] ReadMemory at 0xd403d50 of 4048 bytes failed: 仅完成部分的 ReadProcessMemory 或 WriteProcessMemory 请求。 (0x12B)
[0313/151753.666:ERROR:process_memory_win.cc(73)] ReadMemory at 0xd407d58 of 512 bytes failed: 仅完成部分的 ReadProcessMemory 或 WriteProcessMemory 请求。 (0x12B)
[0313/151753.666:ERROR:process_memory_win.cc(73)] ReadMemory at 0xd40bd58 of 1616 bytes failed: 仅完成部分的 ReadProcessMemory 或 WriteProcessMemory 请求。 (0x12B)
[0313/151753.666:ERROR:process_memory_win.cc(73)] ReadMemory at 0xd42f778 of 512 bytes failed: 仅完成部分的 ReadProcessMemory 或 WriteProcessMemory 请求。 (0x12B)
[0313/151753.666:ERROR:process_memory_win.cc(73)] ReadMemory at 0xd6e0000 of 456 bytes failed: 仅完成部分的 ReadProcessMemory 或 WriteProcessMemory 请求。 (0x12B)
[0313/151753.666:ERROR:process_memory_win.cc(73)] ReadMemory at 0xd6e5530 of 584 bytes failed: 仅完成部分的 ReadProcessMemory 或 WriteProcessMemory 请求。 (0x12B)
[0313/151753.666:ERROR:process_memory_win.cc(73)] ReadMemory at 0xd6e7fc8 of 520 bytes failed: 仅完成部分的 ReadProcessMemory 或 WriteProcessMemory 请求。 (0x12B)
[0313/151753.666:ERROR:process_memory_win.cc(73)] ReadMemory at 0xd6e97c8 of 536 bytes failed: 仅完成部分的 ReadProcessMemory 或 WriteProcessMemory 请求。 (0x12B)
[0313/151753.666:ERROR:process_memory_win.cc(73)] ReadMemory at 0xd6e9b88 of 512 bytes failed: 仅完成部分的 ReadProcessMemory 或 WriteProcessMemory 请求。 (0x12B)
[0313/151753.666:ERROR:process_memory_win.cc(73)] ReadMemory at 0xd6ec7e0 of 512 bytes failed: 仅完成部分的 ReadProcessMemory 或 WriteProcessMemory 请求。 (0x12B)
[0313/151753.666:ERROR:process_memory_win.cc(73)] ReadMemory at 0xd720000 of 536 bytes failed: 仅完成部分的 ReadProcessMemory 或 WriteProcessMemory 请求。 (0x12B)
[0313/151753.666:ERROR:process_memory_win.cc(73)] ReadMemory at 0xd7203c0 of 512 bytes failed: 仅完成部分的 ReadProcessMemory 或 WriteProcessMemory 请求。 (0x12B)
[0313/151753.666:ERROR:process_memory_win.cc(73)] ReadMemory at 0xd723018 of 4200 bytes failed: 仅完成部分的 ReadProcessMemory 或 WriteProcessMemory 请求。 (0x12B)
[0313/151753.666:ERROR:process_memory_win.cc(73)] ReadMemory at 0xd724090 of 512 bytes failed: 仅完成部分的 ReadProcessMemory 或 WriteProcessMemory 请求。 (0x12B)
[0313/151753.666:ERROR:process_memory_win.cc(73)] ReadMemory at 0xd726008 of 512 bytes failed: 仅完成部分的 ReadProcessMemory 或 WriteProcessMemory 请求。 (0x12B)
[0313/151753.666:ERROR:process_memory_win.cc(73)] ReadMemory at 0xd7c34e8 of 720 bytes failed: 仅完成部分的 ReadProcessMemory 或 WriteProcessMemory 请求。 (0x12B)
[0313/151753.666:ERROR:process_memory_win.cc(73)] ReadMemory at 0xdf97a70 of 512 bytes failed: 仅完成部分的 ReadProcessMemory 或 WriteProcessMemory 请求。 (0x12B)
[0313/151753.666:ERROR:process_memory_win.cc(73)] ReadMemory at 0xf60116b of 512 bytes failed: 仅完成部分的 ReadProcessMemory 或 WriteProcessMemory 请求。 (0x12B)
[0313/151753.666:ERROR:process_memory_win.cc(73)] ReadMemory at 0xf602df6 of 740 bytes failed: 仅完成部分的 ReadProcessMemory 或 WriteProcessMemory 请求。 (0x12B)
[0313/151753.666:ERROR:process_memory_win.cc(73)] ReadMemory at 0xf6032c5 of 512 bytes failed: 仅完成部分的 ReadProcessMemory 或 WriteProcessMemory 请求。 (0x12B)
[0313/151753.666:ERROR:process_memory_win.cc(73)] ReadMemory at 0xf604145 of 569 bytes failed: 仅完成部分的 ReadProcessMemory 或 WriteProcessMemory 请求。 (0x12B)
[0313/151753.666:ERROR:process_memory_win.cc(73)] ReadMemory at 0xf6057cb of 1067 bytes failed: 仅完成部分的 ReadProcessMemory 或 WriteProcessMemory 请求。 (0x12B)
[0313/151753.666:ERROR:process_memory_win.cc(73)] ReadMemory at 0xf606167 of 512 bytes failed: 仅完成部分的 ReadProcessMemory 或 WriteProcessMemory 请求。 (0x12B)
[0313/151753.666:ERROR:process_memory_win.cc(73)] ReadMemory at 0xf6065de of 512 bytes failed: 仅完成部分的 ReadProcessMemory 或 WriteProcessMemory 请求。 (0x12B)
[0313/151753.666:ERROR:process_memory_win.cc(73)] ReadMemory at 0xf610885 of 628 bytes failed: 仅完成部分的 ReadProcessMemory 或 WriteProcessMemory 请求。 (0x12B)
[0313/151753.666:ERROR:process_memory_win.cc(73)] ReadMemory at 0xf612d03 of 512 bytes failed: 仅完成部分的 ReadProcessMemory 或 WriteProcessMemory 请求。 (0x12B)
[0313/151753.666:ERROR:process_memory_win.cc(73)] ReadMemory at 0xf612f73 of 762 bytes failed: 仅完成部分的 ReadProcessMemory 或 WriteProcessMemory 请求。 (0x12B)
[0313/151753.666:ERROR:process_memory_win.cc(73)] ReadMemory at 0xf619b83 of 1368 bytes failed: 仅完成部分的 ReadProcessMemory 或 WriteProcessMemory 请求。 (0x12B)
[0313/151753.666:ERROR:process_memory_win.cc(73)] ReadMemory at 0xf61a110 of 1162 bytes failed: 仅完成部分的 ReadProcessMemory 或 WriteProcessMemory 请求。 (0x12B)
[0313/151753.666:ERROR:process_memory_win.cc(73)] ReadMemory at 0xf61a610 of 512 bytes failed: 仅完成部分的 ReadProcessMemory 或 WriteProcessMemory 请求。 (0x12B)
[0313/151753.666:ERROR:process_memory_win.cc(73)] ReadMemory at 0xf61d49f of 512 bytes failed: 仅完成部分的 ReadProcessMemory 或 WriteProcessMemory 请求。 (0x12B)
[0313/151753.666:ERROR:process_memory_win.cc(73)] ReadMemory at 0xf621d0a of 512 bytes failed: 仅完成部分的 ReadProcessMemory 或 WriteProcessMemory 请求。 (0x12B)
[0313/151753.666:ERROR:process_memory_win.cc(73)] ReadMemory at 0xf6263a1 of 620 bytes failed: 仅完成部分的 ReadProcessMemory 或 WriteProcessMemory 请求。 (0x12B)
[0313/151753.666:ERROR:process_memory_win.cc(73)] ReadMemory at 0xf626c99 of 970 bytes failed: 仅完成部分的 ReadProcessMemory 或 WriteProcessMemory 请求。 (0x12B)
[0313/151753.667:ERROR:process_memory_win.cc(73)] ReadMemory at 0xf634e32 of 512 bytes failed: 仅完成部分的 ReadProcessMemory 或 WriteProcessMemory 请求。 (0x12B)
[0313/151753.667:ERROR:process_memory_win.cc(73)] ReadMemory at 0xf63517a of 781 bytes failed: 仅完成部分的 ReadProcessMemory 或 WriteProcessMemory 请求。 (0x12B)
[0313/151753.667:ERROR:process_memory_win.cc(73)] ReadMemory at 0xf635d34 of 970 bytes failed: 仅完成部分的 ReadProcessMemory 或 WriteProcessMemory 请求。 (0x12B)
[0313/151753.667:ERROR:process_memory_win.cc(73)] ReadMemory at 0xf63c0fa of 512 bytes failed: 仅完成部分的 ReadProcessMemory 或 WriteProcessMemory 请求。 (0x12B)
[0313/151753.667:ERROR:process_memory_win.cc(73)] ReadMemory at 0xf640aea of 512 bytes failed: 仅完成部分的 ReadProcessMemory 或 WriteProcessMemory 请求。 (0x12B)
[0313/151753.667:ERROR:process_memory_win.cc(73)] ReadMemory at 0xf6500cc of 1079 bytes failed: 仅完成部分的 ReadProcessMemory 或 WriteProcessMemory 请求。 (0x12B)
[0313/151753.667:ERROR:process_memory_win.cc(73)] ReadMemory at 0xf6518bf of 894 bytes failed: 仅完成部分的 ReadProcessMemory 或 WriteProcessMemory 请求。 (0x12B)
[0313/151753.667:ERROR:process_memory_win.cc(73)] ReadMemory at 0xf651d0a of 940 bytes failed: 仅完成部分的 ReadProcessMemory 或 WriteProcessMemory 请求。 (0x12B)
[0313/151753.667:ERROR:process_memory_win.cc(73)] ReadMemory at 0xf6522d1 of 781 bytes failed: 仅完成部分的 ReadProcessMemory 或 WriteProcessMemory 请求。 (0x12B)
[0313/151753.667:ERROR:process_memory_win.cc(73)] ReadMemory at 0xf6528b1 of 1078 bytes failed: 仅完成部分的 ReadProcessMemory 或 WriteProcessMemory 请求。 (0x12B)
[0313/151753.667:ERROR:process_memory_win.cc(73)] ReadMemory at 0xf65351f of 512 bytes failed: 仅完成部分的 ReadProcessMemory 或 WriteProcessMemory 请求。 (0x12B)
[0313/151753.667:ERROR:process_memory_win.cc(73)] ReadMemory at 0xf653a9e of 512 bytes failed: 仅完成部分的 ReadProcessMemory 或 WriteProcessMemory 请求。 (0x12B)
[0313/151753.667:ERROR:process_memory_win.cc(73)] ReadMemory at 0xf654023 of 711 bytes failed: 仅完成部分的 ReadProcessMemory 或 WriteProcessMemory 请求。 (0x12B)
[0313/151753.667:ERROR:process_memory_win.cc(73)] ReadMemory at 0xf654466 of 619 bytes failed: 仅完成部分的 ReadProcessMemory 或 WriteProcessMemory 请求。 (0x12B)
[0313/151753.667:ERROR:process_memory_win.cc(73)] ReadMemory at 0xf6547ee of 512 bytes failed: 仅完成部分的 ReadProcessMemory 或 WriteProcessMemory 请求。 (0x12B)
[0313/151753.667:ERROR:process_memory_win.cc(73)] ReadMemory at 0xf655dcb of 818 bytes failed: 仅完成部分的 ReadProcessMemory 或 WriteProcessMemory 请求。 (0x12B)
[0313/151753.667:ERROR:process_memory_win.cc(73)] ReadMemory at 0xf6561fa of 1252 bytes failed: 仅完成部分的 ReadProcessMemory 或 WriteProcessMemory 请求。 (0x12B)
[0313/151753.667:ERROR:process_memory_win.cc(73)] ReadMemory at 0xf656761 of 1171 bytes failed: 仅完成部分的 ReadProcessMemory 或 WriteProcessMemory 请求。 (0x12B)
[0313/151753.667:ERROR:process_memory_win.cc(73)] ReadMemory at 0xf65b2e3 of 683 bytes failed: 仅完成部分的 ReadProcessMemory 或 WriteProcessMemory 请求。 (0x12B)
[0313/151753.667:ERROR:process_memory_win.cc(73)] ReadMemory at 0xf65c05b of 512 bytes failed: 仅完成部分的 ReadProcessMemory 或 WriteProcessMemory 请求。 (0x12B)
[0313/151753.667:ERROR:process_memory_win.cc(73)] ReadMemory at 0xf65d86f of 803 bytes failed: 仅完成部分的 ReadProcessMemory 或 WriteProcessMemory 请求。 (0x12B)
[0313/151753.667:ERROR:process_memory_win.cc(73)] ReadMemory at 0xf65dc4c of 512 bytes failed: 仅完成部分的 ReadProcessMemory 或 WriteProcessMemory 请求。 (0x12B)
[0313/151753.667:ERROR:process_memory_win.cc(73)] ReadMemory at 0xf65e334 of 942 bytes failed: 仅完成部分的 ReadProcessMemory 或 WriteProcessMemory 请求。 (0x12B)
[0313/151753.667:ERROR:process_memory_win.cc(73)] ReadMemory at 0xf662319 of 774 bytes failed: 仅完成部分的 ReadProcessMemory 或 WriteProcessMemory 请求。 (0x12B)
[0313/151753.667:ERROR:process_memory_win.cc(73)] ReadMemory at 0xf663a32 of 512 bytes failed: 仅完成部分的 ReadProcessMemory 或 WriteProcessMemory 请求。 (0x12B)
[0313/151753.667:ERROR:process_memory_win.cc(73)] ReadMemory at 0xf66493a of 512 bytes failed: 仅完成部分的 ReadProcessMemory 或 WriteProcessMemory 请求。 (0x12B)
[0313/151753.667:ERROR:process_memory_win.cc(73)] ReadMemory at 0xf665f6d of 512 bytes failed: 仅完成部分的 ReadProcessMemory 或 WriteProcessMemory 请求。 (0x12B)
[0313/151753.667:ERROR:process_memory_win.cc(73)] ReadMemory at 0xf667d6e of 628 bytes failed: 仅完成部分的 ReadProcessMemory 或 WriteProcessMemory 请求。 (0x12B)
[0313/151753.667:ERROR:process_memory_win.cc(73)] ReadMemory at 0xf66849c of 512 bytes failed: 仅完成部分的 ReadProcessMemory 或 WriteProcessMemory 请求。 (0x12B)
[0313/151753.667:ERROR:process_memory_win.cc(73)] ReadMemory at 0xf669ab9 of 512 bytes failed: 仅完成部分的 ReadProcessMemory 或 WriteProcessMemory 请求。 (0x12B)
[0313/151753.667:ERROR:process_memory_win.cc(73)] ReadMemory at 0xf66aac4 of 684 bytes failed: 仅完成部分的 ReadProcessMemory 或 WriteProcessMemory 请求。 (0x12B)
[0313/151753.667:ERROR:process_memory_win.cc(73)] ReadMemory at 0xf66f917 of 512 bytes failed: 仅完成部分的 ReadProcessMemory 或 WriteProcessMemory 请求。 (0x12B)
[0313/151753.667:ERROR:process_memory_win.cc(73)] ReadMemory at 0xf67d697 of 512 bytes failed: 仅完成部分的 ReadProcessMemory 或 WriteProcessMemory 请求。 (0x12B)
[0313/151753.667:ERROR:process_memory_win.cc(73)] ReadMemory at 0xf6800cc of 1038 bytes failed: 仅完成部分的 ReadProcessMemory 或 WriteProcessMemory 请求。 (0x12B)
[0313/151753.667:ERROR:process_memory_win.cc(73)] ReadMemory at 0xf6887cb of 512 bytes failed: 仅完成部分的 ReadProcessMemory 或 WriteProcessMemory 请求。 (0x12B)
[0313/151753.667:ERROR:process_memory_win.cc(73)] ReadMemory at 0xf688a81 of 512 bytes failed: 仅完成部分的 ReadProcessMemory 或 WriteProcessMemory 请求。 (0x12B)
[0313/151753.667:ERROR:process_memory_win.cc(73)] ReadMemory at 0xf688d34 of 512 bytes failed: 仅完成部分的 ReadProcessMemory 或 WriteProcessMemory 请求。 (0x12B)
[0313/151753.667:ERROR:process_memory_win.cc(73)] ReadMemory at 0xf688f8f of 512 bytes failed: 仅完成部分的 ReadProcessMemory 或 WriteProcessMemory 请求。 (0x12B)
[0313/151753.667:ERROR:process_memory_win.cc(73)] ReadMemory at 0xf6892dc of 512 bytes failed: 仅完成部分的 ReadProcessMemory 或 WriteProcessMemory 请求。 (0x12B)
[0313/151753.667:ERROR:process_memory_win.cc(73)] ReadMemory at 0xf689564 of 2034 bytes failed: 仅完成部分的 ReadProcessMemory 或 WriteProcessMemory 请求。 (0x12B)
[0313/151753.667:ERROR:process_memory_win.cc(73)] ReadMemory at 0xf6ace84 of 1457 bytes failed: 仅完成部分的 ReadProcessMemory 或 WriteProcessMemory 请求。 (0x12B)
[0313/151753.667:ERROR:process_memory_win.cc(73)] ReadMemory at 0xf6ad79d of 544 bytes failed: 仅完成部分的 ReadProcessMemory 或 WriteProcessMemory 请求。 (0x12B)
[0313/151753.667:ERROR:process_memory_win.cc(73)] ReadMemory at 0xf70b6cb of 536 bytes failed: 仅完成部分的 ReadProcessMemory 或 WriteProcessMemory 请求。 (0x12B)
[0313/151753.667:ERROR:process_memory_win.cc(73)] ReadMemory at 0xf70bde4 of 550 bytes failed: 仅完成部分的 ReadProcessMemory 或 WriteProcessMemory 请求。 (0x12B)
[0313/151753.667:ERROR:process_memory_win.cc(73)] ReadMemory at 0xf7e3db9 of 512 bytes failed: 仅完成部分的 ReadProcessMemory 或 WriteProcessMemory 请求。 (0x12B)
[0313/151753.667:ERROR:process_memory_win.cc(73)] ReadMemory at 0xf80aa27 of 512 bytes failed: 仅完成部分的 ReadProcessMemory 或 WriteProcessMemory 请求。 (0x12B)
[0313/151753.667:ERROR:process_memory_win.cc(73)] ReadMemory at 0xf82fab8 of 626 bytes failed: 仅完成部分的 ReadProcessMemory 或 WriteProcessMemory 请求。 (0x12B)
[0313/151753.667:ERROR:process_memory_win.cc(73)] ReadMemory at 0xf830084 of 821 bytes failed: 仅完成部分的 ReadProcessMemory 或 WriteProcessMemory 请求。 (0x12B)
[0313/151753.667:ERROR:process_memory_win.cc(73)] ReadMemory at 0xf8325bf of 1527 bytes failed: 仅完成部分的 ReadProcessMemory 或 WriteProcessMemory 请求。 (0x12B)
[0313/151753.667:ERROR:process_memory_win.cc(73)] ReadMemory at 0xf837a70 of 512 bytes failed: 仅完成部分的 ReadProcessMemory 或 WriteProcessMemory 请求。 (0x12B)
[0313/151753.667:ERROR:process_memory_win.cc(73)] ReadMemory at 0xf83fd67 of 527 bytes failed: 仅完成部分的 ReadProcessMemory 或 WriteProcessMemory 请求。 (0x12B)
[0313/151753.667:ERROR:process_memory_win.cc(73)] ReadMemory at 0xf847c61 of 512 bytes failed: 仅完成部分的 ReadProcessMemory 或 WriteProcessMemory 请求。 (0x12B)
[0313/151753.667:ERROR:process_memory_win.cc(73)] ReadMemory at 0xf84a231 of 1662 bytes failed: 仅完成部分的 ReadProcessMemory 或 WriteProcessMemory 请求。 (0x12B)
[0313/151753.667:ERROR:process_memory_win.cc(73)] ReadMemory at 0xf872380 of 754 bytes failed: 仅完成部分的 ReadProcessMemory 或 WriteProcessMemory 请求。 (0x12B)
[0313/151753.667:ERROR:process_memory_win.cc(73)] ReadMemory at 0xf875862 of 512 bytes failed: 仅完成部分的 ReadProcessMemory 或 WriteProcessMemory 请求。 (0x12B)
[0313/151753.667:ERROR:process_memory_win.cc(73)] ReadMemory at 0xf875e14 of 512 bytes failed: 仅完成部分的 ReadProcessMemory 或 WriteProcessMemory 请求。 (0x12B)
[0313/151753.667:ERROR:process_memory_win.cc(73)] ReadMemory at 0xf8763f0 of 512 bytes failed: 仅完成部分的 ReadProcessMemory 或 WriteProcessMemory 请求。 (0x12B)
[0313/151753.667:ERROR:process_memory_win.cc(73)] ReadMemory at 0xf8f7f22 of 512 bytes failed: 仅完成部分的 ReadProcessMemory 或 WriteProcessMemory 请求。 (0x12B)
[0313/151753.667:ERROR:process_memory_win.cc(73)] ReadMemory at 0xf8f852e of 512 bytes failed: 仅完成部分的 ReadProcessMemory 或 WriteProcessMemory 请求。 (0x12B)
[0313/151753.667:ERROR:process_memory_win.cc(73)] ReadMemory at 0xf911730 of 817 bytes failed: 仅完成部分的 ReadProcessMemory 或 WriteProcessMemory 请求。 (0x12B)
[0313/151753.667:ERROR:process_memory_win.cc(73)] ReadMemory at 0xf9ca82f of 512 bytes failed: 仅完成部分的 ReadProcessMemory 或 WriteProcessMemory 请求。 (0x12B)
[0313/151753.667:ERROR:process_memory_win.cc(73)] ReadMemory at 0xfaa8a7d of 512 bytes failed: 仅完成部分的 ReadProcessMemory 或 WriteProcessMemory 请求。 (0x12B)
[0313/151753.667:ERROR:process_memory_win.cc(73)] ReadMemory at 0xfb17a70 of 512 bytes failed: 仅完成部分的 ReadProcessMemory 或 WriteProcessMemory 请求。 (0x12B)
[0313/151753.667:ERROR:process_memory_win.cc(73)] ReadMemory at 0xfb4a8de of 512 bytes failed: 仅完成部分的 ReadProcessMemory 或 WriteProcessMemory 请求。 (0x12B)
[0313/151753.667:ERROR:process_memory_win.cc(73)] ReadMemory at 0xfc26eb5 of 512 bytes failed: 仅完成部分的 ReadProcessMemory 或 WriteProcessMemory 请求。 (0x12B)
[0313/151753.667:ERROR:process_memory_win.cc(73)] ReadMemory at 0xfc6c1de of 512 bytes failed: 仅完成部分的 ReadProcessMemory 或 WriteProcessMemory 请求。 (0x12B)
[0313/151753.667:ERROR:process_memory_win.cc(73)] ReadMemory at 0xfc8f246 of 1003 bytes failed: 仅完成部分的 ReadProcessMemory 或 WriteProcessMemory 请求。 (0x12B)
[0313/151753.667:ERROR:process_memory_win.cc(73)] ReadMemory at 0xfe0da50 of 512 bytes failed: 仅完成部分的 ReadProcessMemory 或 WriteProcessMemory 请求。 (0x12B)
[0313/151753.667:ERROR:process_memory_win.cc(73)] ReadMemory at 0xfe125a7 of 996 bytes failed: 仅完成部分的 ReadProcessMemory 或 WriteProcessMemory 请求。 (0x12B)
[0313/151753.667:ERROR:process_memory_win.cc(73)] ReadMemory at 0xfe131a1 of 512 bytes failed: 仅完成部分的 ReadProcessMemory 或 WriteProcessMemory 请求。 (0x12B)
[0313/151753.667:ERROR:process_memory_win.cc(73)] ReadMemory at 0xfe63c50 of 576 bytes failed: 仅完成部分的 ReadProcessMemory 或 WriteProcessMemory 请求。 (0x12B)
[0313/151753.667:ERROR:process_memory_win.cc(73)] ReadMemory at 0x10000780 of 512 bytes failed: 仅完成部分的 ReadProcessMemory 或 WriteProcessMemory 请求。 (0x12B)
[0313/151753.667:ERROR:process_memory_win.cc(73)] ReadMemory at 0x10010f81 of 512 bytes failed: 仅完成部分的 ReadProcessMemory 或 WriteProcessMemory 请求。 (0x12B)
[0313/151753.667:ERROR:process_memory_win.cc(73)] ReadMemory at 0x10842563 of 550 bytes failed: 仅完成部分的 ReadProcessMemory 或 WriteProcessMemory 请求。 (0x12B)
[0313/151753.667:ERROR:process_memory_win.cc(73)] ReadMemory at 0x10842880 of 512 bytes failed: 仅完成部分的 ReadProcessMemory 或 WriteProcessMemory 请求。 (0x12B)
[0313/151753.667:ERROR:process_memory_win.cc(73)] ReadMemory at 0x10843230 of 512 bytes failed: 仅完成部分的 ReadProcessMemory 或 WriteProcessMemory 请求。 (0x12B)
[0313/151753.667:ERROR:process_memory_win.cc(73)] ReadMemory at 0x108479c6 of 522 bytes failed: 仅完成部分的 ReadProcessMemory 或 WriteProcessMemory 请求。 (0x12B)
[0313/151753.668:ERROR:process_memory_win.cc(73)] ReadMemory at 0x108496b6 of 512 bytes failed: 仅完成部分的 ReadProcessMemory 或 WriteProcessMemory 请求。 (0x12B)
[0313/151753.668:ERROR:process_memory_win.cc(73)] ReadMemory at 0x10977a70 of 512 bytes failed: 仅完成部分的 ReadProcessMemory 或 WriteProcessMemory 请求。 (0x12B)
[0313/151753.668:ERROR:process_memory_win.cc(73)] ReadMemory at 0x10c0083e of 835 bytes failed: 仅完成部分的 ReadProcessMemory 或 WriteProcessMemory 请求。 (0x12B)
[0313/151753.668:ERROR:process_memory_win.cc(73)] ReadMemory at 0x10c034b7 of 649 bytes failed: 仅完成部分的 ReadProcessMemory 或 WriteProcessMemory 请求。 (0x12B)
[0313/151753.668:ERROR:process_memory_win.cc(73)] ReadMemory at 0x10c0443c of 986 bytes failed: 仅完成部分的 ReadProcessMemory 或 WriteProcessMemory 请求。 (0x12B)
[0313/151753.668:ERROR:process_memory_win.cc(73)] ReadMemory at 0x10c57a70 of 512 bytes failed: 仅完成部分的 ReadProcessMemory 或 WriteProcessMemory 请求。 (0x12B)
[0313/151753.668:ERROR:process_memory_win.cc(73)] ReadMemory at 0x10c80b59 of 512 bytes failed: 仅完成部分的 ReadProcessMemory 或 WriteProcessMemory 请求。 (0x12B)
[0313/151753.668:ERROR:process_memory_win.cc(73)] ReadMemory at 0x10d0c1ba of 512 bytes failed: 仅完成部分的 ReadProcessMemory 或 WriteProcessMemory 请求。 (0x12B)
[0313/151753.668:ERROR:process_memory_win.cc(73)] ReadMemory at 0x10d0ed66 of 512 bytes failed: 仅完成部分的 ReadProcessMemory 或 WriteProcessMemory 请求。 (0x12B)
[0313/151753.668:ERROR:process_memory_win.cc(73)] ReadMemory at 0x10d1d30b of 512 bytes failed: 仅完成部分的 ReadProcessMemory 或 WriteProcessMemory 请求。 (0x12B)
[0313/151753.668:ERROR:process_memory_win.cc(73)] ReadMemory at 0x10db4b38 of 522 bytes failed: 仅完成部分的 ReadProcessMemory 或 WriteProcessMemory 请求。 (0x12B)
[0313/151753.668:ERROR:process_memory_win.cc(73)] ReadMemory at 0x10db7ba6 of 512 bytes failed: 仅完成部分的 ReadProcessMemory 或 WriteProcessMemory 请求。 (0x12B)
[0313/151753.668:ERROR:process_memory_win.cc(73)] ReadMemory at 0x10dbc70b of 512 bytes failed: 仅完成部分的 ReadProcessMemory 或 WriteProcessMemory 请求。 (0x12B)
[0313/151753.668:ERROR:process_memory_win.cc(73)] ReadMemory at 0x10dc13a6 of 834 bytes failed: 仅完成部分的 ReadProcessMemory 或 WriteProcessMemory 请求。 (0x12B)
[0313/151753.668:ERROR:process_memory_win.cc(73)] ReadMemory at 0x10dc3380 of 647 bytes failed: 仅完成部分的 ReadProcessMemory 或 WriteProcessMemory 请求。 (0x12B)
[0313/151753.668:ERROR:process_memory_win.cc(73)] ReadMemory at 0x10dc3659 of 512 bytes failed: 仅完成部分的 ReadProcessMemory 或 WriteProcessMemory 请求。 (0x12B)
[0313/151753.668:ERROR:process_memory_win.cc(73)] ReadMemory at 0x10dcc357 of 512 bytes failed: 仅完成部分的 ReadProcessMemory 或 WriteProcessMemory 请求。 (0x12B)
[0313/151753.668:ERROR:process_memory_win.cc(73)] ReadMemory at 0x10dd592c of 512 bytes failed: 仅完成部分的 ReadProcessMemory 或 WriteProcessMemory 请求。 (0x12B)
[0313/151753.668:ERROR:process_memory_win.cc(73)] ReadMemory at 0x10dd5b3c of 512 bytes failed: 仅完成部分的 ReadProcessMemory 或 WriteProcessMemory 请求。 (0x12B)
[0313/151753.668:ERROR:process_memory_win.cc(73)] ReadMemory at 0x10dd906b of 512 bytes failed: 仅完成部分的 ReadProcessMemory 或 WriteProcessMemory 请求。 (0x12B)
[0313/151753.668:ERROR:process_memory_win.cc(73)] ReadMemory at 0x10dd9583 of 862 bytes failed: 仅完成部分的 ReadProcessMemory 或 WriteProcessMemory 请求。 (0x12B)
[0313/151753.668:ERROR:process_memory_win.cc(73)] ReadMemory at 0x10ddc281 of 512 bytes failed: 仅完成部分的 ReadProcessMemory 或 WriteProcessMemory 请求。 (0x12B)
[0313/151753.668:ERROR:process_memory_win.cc(73)] ReadMemory at 0x10dddab1 of 512 bytes failed: 仅完成部分的 ReadProcessMemory 或 WriteProcessMemory 请求。 (0x12B)
[0313/151753.668:ERROR:process_memory_win.cc(73)] ReadMemory at 0x10df7a70 of 512 bytes failed: 仅完成部分的 ReadProcessMemory 或 WriteProcessMemory 请求。 (0x12B)
[0313/151753.668:ERROR:process_memory_win.cc(73)] ReadMemory at 0x10eee0b3 of 1377 bytes failed: 仅完成部分的 ReadProcessMemory 或 WriteProcessMemory 请求。 (0x12B)
[0313/151753.668:ERROR:process_memory_win.cc(73)] ReadMemory at 0x10eeedf1 of 512 bytes failed: 仅完成部分的 ReadProcessMemory 或 WriteProcessMemory 请求。 (0x12B)
[0313/151753.668:ERROR:process_memory_win.cc(73)] ReadMemory at 0x10efde69 of 790 bytes failed: 仅完成部分的 ReadProcessMemory 或 WriteProcessMemory 请求。 (0x12B)
[0313/151753.668:ERROR:process_memory_win.cc(73)] ReadMemory at 0x10efede7 of 713 bytes failed: 仅完成部分的 ReadProcessMemory 或 WriteProcessMemory 请求。 (0x12B)
[0313/151753.668:ERROR:process_memory_win.cc(73)] ReadMemory at 0x10eff8a7 of 512 bytes failed: 仅完成部分的 ReadProcessMemory 或 WriteProcessMemory 请求。 (0x12B)
[0313/151753.668:ERROR:process_memory_win.cc(73)] ReadMemory at 0x10f00080 of 523 bytes failed: 仅完成部分的 ReadProcessMemory 或 WriteProcessMemory 请求。 (0x12B)
[0313/151753.668:ERROR:process_memory_win.cc(73)] ReadMemory at 0x10f00413 of 512 bytes failed: 仅完成部分的 ReadProcessMemory 或 WriteProcessMemory 请求。 (0x12B)
[0313/151753.668:ERROR:process_memory_win.cc(73)] ReadMemory at 0x10f00696 of 868 bytes failed: 仅完成部分的 ReadProcessMemory 或 WriteProcessMemory 请求。 (0x12B)
[0313/151753.668:ERROR:process_memory_win.cc(73)] ReadMemory at 0x10f01c09 of 617 bytes failed: 仅完成部分的 ReadProcessMemory 或 WriteProcessMemory 请求。 (0x12B)
[0313/151753.668:ERROR:process_memory_win.cc(73)] ReadMemory at 0x10f03b04 of 512 bytes failed: 仅完成部分的 ReadProcessMemory 或 WriteProcessMemory 请求。 (0x12B)
[0313/151753.668:ERROR:process_memory_win.cc(73)] ReadMemory at 0x10f15333 of 951 bytes failed: 仅完成部分的 ReadProcessMemory 或 WriteProcessMemory 请求。 (0x12B)
[0313/151753.668:ERROR:process_memory_win.cc(73)] ReadMemory at 0x10f15baf of 512 bytes failed: 仅完成部分的 ReadProcessMemory 或 WriteProcessMemory 请求。 (0x12B)
[0313/151753.668:ERROR:process_memory_win.cc(73)] ReadMemory at 0x10f167f4 of 530 bytes failed: 仅完成部分的 ReadProcessMemory 或 WriteProcessMemory 请求。 (0x12B)
[0313/151753.668:ERROR:process_memory_win.cc(73)] ReadMemory at 0x10f18209 of 512 bytes failed: 仅完成部分的 ReadProcessMemory 或 WriteProcessMemory 请求。 (0x12B)
[0313/151753.668:ERROR:process_memory_win.cc(73)] ReadMemory at 0x10f18880 of 975 bytes failed: 仅完成部分的 ReadProcessMemory 或 WriteProcessMemory 请求。 (0x12B)
[0313/151753.668:ERROR:process_memory_win.cc(73)] ReadMemory at 0x10f1905e of 831 bytes failed: 仅完成部分的 ReadProcessMemory 或 WriteProcessMemory 请求。 (0x12B)
[0313/151753.668:ERROR:process_memory_win.cc(73)] ReadMemory at 0x10f1949f of 512 bytes failed: 仅完成部分的 ReadProcessMemory 或 WriteProcessMemory 请求。 (0x12B)
[0313/151753.668:ERROR:process_memory_win.cc(73)] ReadMemory at 0x10f1a1d2 of 748 bytes failed: 仅完成部分的 ReadProcessMemory 或 WriteProcessMemory 请求。 (0x12B)
[0313/151753.668:ERROR:process_memory_win.cc(73)] ReadMemory at 0x10f1b109 of 512 bytes failed: 仅完成部分的 ReadProcessMemory 或 WriteProcessMemory 请求。 (0x12B)
[0313/151753.668:ERROR:process_memory_win.cc(73)] ReadMemory at 0x10f1b604 of 512 bytes failed: 仅完成部分的 ReadProcessMemory 或 WriteProcessMemory 请求。 (0x12B)
[0313/151753.668:ERROR:process_memory_win.cc(73)] ReadMemory at 0x10f1b957 of 512 bytes failed: 仅完成部分的 ReadProcessMemory 或 WriteProcessMemory 请求。 (0x12B)
[0313/151753.668:ERROR:process_memory_win.cc(73)] ReadMemory at 0x10f1bfcc of 512 bytes failed: 仅完成部分的 ReadProcessMemory 或 WriteProcessMemory 请求。 (0x12B)
[0313/151753.668:ERROR:process_memory_win.cc(73)] ReadMemory at 0x10f1cf40 of 674 bytes failed: 仅完成部分的 ReadProcessMemory 或 WriteProcessMemory 请求。 (0x12B)
[0313/151753.668:ERROR:process_memory_win.cc(73)] ReadMemory at 0x10f22932 of 512 bytes failed: 仅完成部分的 ReadProcessMemory 或 WriteProcessMemory 请求。 (0x12B)
[0313/151753.668:ERROR:process_memory_win.cc(73)] ReadMemory at 0x10f23417 of 512 bytes failed: 仅完成部分的 ReadProcessMemory 或 WriteProcessMemory 请求。 (0x12B)
[0313/151753.668:ERROR:process_memory_win.cc(73)] ReadMemory at 0x10f28651 of 771 bytes failed: 仅完成部分的 ReadProcessMemory 或 WriteProcessMemory 请求。 (0x12B)
[0313/151753.668:ERROR:process_memory_win.cc(73)] ReadMemory at 0x10f2d943 of 848 bytes failed: 仅完成部分的 ReadProcessMemory 或 WriteProcessMemory 请求。 (0x12B)
[0313/151753.668:ERROR:process_memory_win.cc(73)] ReadMemory at 0x10f2ef4a of 512 bytes failed: 仅完成部分的 ReadProcessMemory 或 WriteProcessMemory 请求。 (0x12B)
[0313/151753.668:ERROR:process_memory_win.cc(73)] ReadMemory at 0x10f2fc85 of 512 bytes failed: 仅完成部分的 ReadProcessMemory 或 WriteProcessMemory 请求。 (0x12B)
[0313/151753.668:ERROR:process_memory_win.cc(73)] ReadMemory at 0x10f3073c of 512 bytes failed: 仅完成部分的 ReadProcessMemory 或 WriteProcessMemory 请求。 (0x12B)
[0313/151753.668:ERROR:process_memory_win.cc(73)] ReadMemory at 0x10f97a70 of 512 bytes failed: 仅完成部分的 ReadProcessMemory 或 WriteProcessMemory 请求。 (0x12B)
[0313/151753.668:ERROR:process_memory_win.cc(73)] ReadMemory at 0x11000f81 of 512 bytes failed: 仅完成部分的 ReadProcessMemory 或 WriteProcessMemory 请求。 (0x12B)
[0313/151753.668:ERROR:process_memory_win.cc(73)] ReadMemory at 0x1101054e of 512 bytes failed: 仅完成部分的 ReadProcessMemory 或 WriteProcessMemory 请求。 (0x12B)
[0313/151753.668:ERROR:process_memory_win.cc(73)] ReadMemory at 0x110f42d0 of 954 bytes failed: 仅完成部分的 ReadProcessMemory 或 WriteProcessMemory 请求。 (0x12B)
[0313/151753.668:ERROR:process_memory_win.cc(73)] ReadMemory at 0x11277a70 of 512 bytes failed: 仅完成部分的 ReadProcessMemory 或 WriteProcessMemory 请求。 (0x12B)
[0313/151753.668:ERROR:process_memory_win.cc(73)] ReadMemory at 0x114f78c5 of 512 bytes failed: 仅完成部分的 ReadProcessMemory 或 WriteProcessMemory 请求。 (0x12B)
[0313/151753.668:ERROR:process_memory_win.cc(73)] ReadMemory at 0x11557a70 of 512 bytes failed: 仅完成部分的 ReadProcessMemory 或 WriteProcessMemory 请求。 (0x12B)
[0313/151753.668:ERROR:process_memory_win.cc(73)] ReadMemory at 0x1157a56e of 512 bytes failed: 仅完成部分的 ReadProcessMemory 或 WriteProcessMemory 请求。 (0x12B)
[0313/151753.668:ERROR:process_memory_win.cc(73)] ReadMemory at 0x11581208 of 512 bytes failed: 仅完成部分的 ReadProcessMemory 或 WriteProcessMemory 请求。 (0x12B)
[0313/151753.668:ERROR:process_memory_win.cc(73)] ReadMemory at 0x11581d0b of 512 bytes failed: 仅完成部分的 ReadProcessMemory 或 WriteProcessMemory 请求。 (0x12B)
[0313/151753.668:ERROR:process_memory_win.cc(73)] ReadMemory at 0x11582264 of 512 bytes failed: 仅完成部分的 ReadProcessMemory 或 WriteProcessMemory 请求。 (0x12B)
[0313/151753.668:ERROR:process_memory_win.cc(73)] ReadMemory at 0x11583ea2 of 512 bytes failed: 仅完成部分的 ReadProcessMemory 或 WriteProcessMemory 请求。 (0x12B)
[0313/151753.668:ERROR:process_memory_win.cc(73)] ReadMemory at 0x1158e8ea of 512 bytes failed: 仅完成部分的 ReadProcessMemory 或 WriteProcessMemory 请求。 (0x12B)
[0313/151753.668:ERROR:process_memory_win.cc(73)] ReadMemory at 0x1159eb9c of 730 bytes failed: 仅完成部分的 ReadProcessMemory 或 WriteProcessMemory 请求。 (0x12B)
[0313/151753.668:ERROR:process_memory_win.cc(73)] ReadMemory at 0x11669dce of 512 bytes failed: 仅完成部分的 ReadProcessMemory 或 WriteProcessMemory 请求。 (0x12B)
[0313/151753.668:ERROR:process_memory_win.cc(73)] ReadMemory at 0x1176a5be of 512 bytes failed: 仅完成部分的 ReadProcessMemory 或 WriteProcessMemory 请求。 (0x12B)
[0313/151753.668:ERROR:process_memory_win.cc(73)] ReadMemory at 0x11837a70 of 512 bytes failed: 仅完成部分的 ReadProcessMemory 或 WriteProcessMemory 请求。 (0x12B)
[0313/151753.668:ERROR:process_memory_win.cc(73)] ReadMemory at 0x118d8440 of 512 bytes failed: 仅完成部分的 ReadProcessMemory 或 WriteProcessMemory 请求。 (0x12B)
[0313/151753.668:ERROR:process_memory_win.cc(73)] ReadMemory at 0x118f15c0 of 512 bytes failed: 仅完成部分的 ReadProcessMemory 或 WriteProcessMemory 请求。 (0x12B)
[0313/151753.668:ERROR:process_memory_win.cc(73)] ReadMemory at 0x1195c508 of 1008 bytes failed: 仅完成部分的 ReadProcessMemory 或 WriteProcessMemory 请求。 (0x12B)
[0313/151753.668:ERROR:process_memory_win.cc(73)] ReadMemory at 0x1195c993 of 512 bytes failed: 仅完成部分的 ReadProcessMemory 或 WriteProcessMemory 请求。 (0x12B)
[0313/151753.668:ERROR:process_memory_win.cc(73)] ReadMemory at 0x1195cc8e of 620 bytes failed: 仅完成部分的 ReadProcessMemory 或 WriteProcessMemory 请求。 (0x12B)
[0313/151753.668:ERROR:process_memory_win.cc(73)] ReadMemory at 0x11960689 of 512 bytes failed: 仅完成部分的 ReadProcessMemory 或 WriteProcessMemory 请求。 (0x12B)
[0313/151753.668:ERROR:process_memory_win.cc(73)] ReadMemory at 0x11961c41 of 901 bytes failed: 仅完成部分的 ReadProcessMemory 或 WriteProcessMemory 请求。 (0x12B)
[0313/151753.668:ERROR:process_memory_win.cc(73)] ReadMemory at 0x11965923 of 525 bytes failed: 仅完成部分的 ReadProcessMemory 或 WriteProcessMemory 请求。 (0x12B)
[0313/151753.668:ERROR:process_memory_win.cc(73)] ReadMemory at 0x11976e90 of 685 bytes failed: 仅完成部分的 ReadProcessMemory 或 WriteProcessMemory 请求。 (0x12B)
[0313/151753.668:ERROR:process_memory_win.cc(73)] ReadMemory at 0x1197f3b4 of 512 bytes failed: 仅完成部分的 ReadProcessMemory 或 WriteProcessMemory 请求。 (0x12B)
[0313/151753.668:ERROR:process_memory_win.cc(73)] ReadMemory at 0x119802b1 of 654 bytes failed: 仅完成部分的 ReadProcessMemory 或 WriteProcessMemory 请求。 (0x12B)
[0313/151753.669:ERROR:process_memory_win.cc(73)] ReadMemory at 0x119d7a70 of 512 bytes failed: 仅完成部分的 ReadProcessMemory 或 WriteProcessMemory 请求。 (0x12B)
[0313/151753.669:ERROR:process_memory_win.cc(73)] ReadMemory at 0x11a84330 of 661 bytes failed: 仅完成部分的 ReadProcessMemory 或 WriteProcessMemory 请求。 (0x12B)
[0313/151753.669:ERROR:process_memory_win.cc(73)] ReadMemory at 0x11a8486c of 512 bytes failed: 仅完成部分的 ReadProcessMemory 或 WriteProcessMemory 请求。 (0x12B)
[0313/151753.669:ERROR:process_memory_win.cc(73)] ReadMemory at 0x11a88615 of 616 bytes failed: 仅完成部分的 ReadProcessMemory 或 WriteProcessMemory 请求。 (0x12B)
[0313/151753.669:ERROR:process_memory_win.cc(73)] ReadMemory at 0x11a8934a of 512 bytes failed: 仅完成部分的 ReadProcessMemory 或 WriteProcessMemory 请求。 (0x12B)
[0313/151753.669:ERROR:process_memory_win.cc(73)] ReadMemory at 0x11a8a13f of 787 bytes failed: 仅完成部分的 ReadProcessMemory 或 WriteProcessMemory 请求。 (0x12B)
[0313/151753.669:ERROR:process_memory_win.cc(73)] ReadMemory at 0x11a8ab38 of 512 bytes failed: 仅完成部分的 ReadProcessMemory 或 WriteProcessMemory 请求。 (0x12B)
[0313/151753.669:ERROR:process_memory_win.cc(73)] ReadMemory at 0x11cb7a70 of 512 bytes failed: 仅完成部分的 ReadProcessMemory 或 WriteProcessMemory 请求。 (0x12B)
[0313/151753.669:ERROR:process_memory_win.cc(73)] ReadMemory at 0x11d537e1 of 1342 bytes failed: 仅完成部分的 ReadProcessMemory 或 WriteProcessMemory 请求。 (0x12B)
[0313/151753.669:ERROR:process_memory_win.cc(73)] ReadMemory at 0x11d63633 of 512 bytes failed: 仅完成部分的 ReadProcessMemory 或 WriteProcessMemory 请求。 (0x12B)
[0313/151753.669:ERROR:process_memory_win.cc(73)] ReadMemory at 0x11d644d3 of 512 bytes failed: 仅完成部分的 ReadProcessMemory 或 WriteProcessMemory 请求。 (0x12B)
[0313/151753.669:ERROR:process_memory_win.cc(73)] ReadMemory at 0x11d66a24 of 571 bytes failed: 仅完成部分的 ReadProcessMemory 或 WriteProcessMemory 请求。 (0x12B)
[0313/151753.669:ERROR:process_memory_win.cc(73)] ReadMemory at 0x12012d0f of 512 bytes failed: 仅完成部分的 ReadProcessMemory 或 WriteProcessMemory 请求。 (0x12B)
[0313/151753.669:ERROR:process_memory_win.cc(73)] ReadMemory at 0x1201c532 of 512 bytes failed: 仅完成部分的 ReadProcessMemory 或 WriteProcessMemory 请求。 (0x12B)
[0313/151753.669:ERROR:process_memory_win.cc(73)] ReadMemory at 0x12029595 of 512 bytes failed: 仅完成部分的 ReadProcessMemory 或 WriteProcessMemory 请求。 (0x12B)
[0313/151753.669:ERROR:process_memory_win.cc(73)] ReadMemory at 0x12033a83 of 844 bytes failed: 仅完成部分的 ReadProcessMemory 或 WriteProcessMemory 请求。 (0x12B)
[0313/151753.669:ERROR:process_memory_win.cc(73)] ReadMemory at 0x120349ce of 512 bytes failed: 仅完成部分的 ReadProcessMemory 或 WriteProcessMemory 请求。 (0x12B)
[0313/151753.669:ERROR:process_memory_win.cc(73)] ReadMemory at 0x12040e6d of 512 bytes failed: 仅完成部分的 ReadProcessMemory 或 WriteProcessMemory 请求。 (0x12B)
[0313/151753.669:ERROR:process_memory_win.cc(73)] ReadMemory at 0x12078e2e of 512 bytes failed: 仅完成部分的 ReadProcessMemory 或 WriteProcessMemory 请求。 (0x12B)
[0313/151753.669:ERROR:process_memory_win.cc(73)] ReadMemory at 0x12086c9e of 512 bytes failed: 仅完成部分的 ReadProcessMemory 或 WriteProcessMemory 请求。 (0x12B)
[0313/151753.669:ERROR:process_memory_win.cc(73)] ReadMemory at 0x1217b4f0 of 1305 bytes failed: 仅完成部分的 ReadProcessMemory 或 WriteProcessMemory 请求。 (0x12B)
[0313/151753.669:ERROR:process_memory_win.cc(73)] ReadMemory at 0x1217bbe2 of 512 bytes failed: 仅完成部分的 ReadProcessMemory 或 WriteProcessMemory 请求。 (0x12B)
[0313/151753.669:ERROR:process_memory_win.cc(73)] ReadMemory at 0x1217c10e of 512 bytes failed: 仅完成部分的 ReadProcessMemory 或 WriteProcessMemory 请求。 (0x12B)
[0313/151753.669:ERROR:process_memory_win.cc(73)] ReadMemory at 0x1217e9db of 640 bytes failed: 仅完成部分的 ReadProcessMemory 或 WriteProcessMemory 请求。 (0x12B)
[0313/151753.669:ERROR:process_memory_win.cc(73)] ReadMemory at 0x1222bebb of 553 bytes failed: 仅完成部分的 ReadProcessMemory 或 WriteProcessMemory 请求。 (0x12B)
[0313/151753.669:ERROR:process_memory_win.cc(73)] ReadMemory at 0x1222c164 of 512 bytes failed: 仅完成部分的 ReadProcessMemory 或 WriteProcessMemory 请求。 (0x12B)
[0313/151753.669:ERROR:process_memory_win.cc(73)] ReadMemory at 0x1222c44d of 512 bytes failed: 仅完成部分的 ReadProcessMemory 或 WriteProcessMemory 请求。 (0x12B)
[0313/151753.669:ERROR:process_memory_win.cc(73)] ReadMemory at 0x122438e2 of 512 bytes failed: 仅完成部分的 ReadProcessMemory 或 WriteProcessMemory 请求。 (0x12B)
[0313/151753.669:ERROR:process_memory_win.cc(73)] ReadMemory at 0x12244188 of 512 bytes failed: 仅完成部分的 ReadProcessMemory 或 WriteProcessMemory 请求。 (0x12B)
[0313/151753.669:ERROR:process_memory_win.cc(73)] ReadMemory at 0x12244d88 of 823 bytes failed: 仅完成部分的 ReadProcessMemory 或 WriteProcessMemory 请求。 (0x12B)
[0313/151753.669:ERROR:process_memory_win.cc(73)] ReadMemory at 0x12363b4c of 512 bytes failed: 仅完成部分的 ReadProcessMemory 或 WriteProcessMemory 请求。 (0x12B)
[0313/151753.669:ERROR:process_memory_win.cc(73)] ReadMemory at 0x1258ea04 of 512 bytes failed: 仅完成部分的 ReadProcessMemory 或 WriteProcessMemory 请求。 (0x12B)
[0313/151753.669:ERROR:process_memory_win.cc(73)] ReadMemory at 0x1258ed04 of 512 bytes failed: 仅完成部分的 ReadProcessMemory 或 WriteProcessMemory 请求。 (0x12B)
[0313/151753.669:ERROR:process_memory_win.cc(73)] ReadMemory at 0x1258f000 of 512 bytes failed: 仅完成部分的 ReadProcessMemory 或 WriteProcessMemory 请求。 (0x12B)
[0313/151753.669:ERROR:process_memory_win.cc(73)] ReadMemory at 0x12590741 of 512 bytes failed: 仅完成部分的 ReadProcessMemory 或 WriteProcessMemory 请求。 (0x12B)
[0313/151753.669:ERROR:process_memory_win.cc(73)] ReadMemory at 0x12590a53 of 512 bytes failed: 仅完成部分的 ReadProcessMemory 或 WriteProcessMemory 请求。 (0x12B)
[0313/151753.669:ERROR:process_memory_win.cc(73)] ReadMemory at 0x12591bfc of 512 bytes failed: 仅完成部分的 ReadProcessMemory 或 WriteProcessMemory 请求。 (0x12B)
[0313/151753.669:ERROR:process_memory_win.cc(73)] ReadMemory at 0x12757a70 of 512 bytes failed: 仅完成部分的 ReadProcessMemory 或 WriteProcessMemory 请求。 (0x12B)
[0313/151753.669:ERROR:process_memory_win.cc(73)] ReadMemory at 0x12792575 of 512 bytes failed: 仅完成部分的 ReadProcessMemory 或 WriteProcessMemory 请求。 (0x12B)
[0313/151753.669:ERROR:process_memory_win.cc(73)] ReadMemory at 0x1279ff80 of 512 bytes failed: 仅完成部分的 ReadProcessMemory 或 WriteProcessMemory 请求。 (0x12B)
[0313/151753.669:ERROR:process_memory_win.cc(73)] ReadMemory at 0x127abf26 of 512 bytes failed: 仅完成部分的 ReadProcessMemory 或 WriteProcessMemory 请求。 (0x12B)
[0313/151753.669:ERROR:process_memory_win.cc(73)] ReadMemory at 0x127aeebd of 592 bytes failed: 仅完成部分的 ReadProcessMemory 或 WriteProcessMemory 请求。 (0x12B)
[0313/151753.669:ERROR:process_memory_win.cc(73)] ReadMemory at 0x127af82f of 512 bytes failed: 仅完成部分的 ReadProcessMemory 或 WriteProcessMemory 请求。 (0x12B)
[0313/151753.669:ERROR:process_memory_win.cc(73)] ReadMemory at 0x127c875c of 512 bytes failed: 仅完成部分的 ReadProcessMemory 或 WriteProcessMemory 请求。 (0x12B)
[0313/151753.669:ERROR:process_memory_win.cc(73)] ReadMemory at 0x1282370f of 512 bytes failed: 仅完成部分的 ReadProcessMemory 或 WriteProcessMemory 请求。 (0x12B)
[0313/151753.669:ERROR:process_memory_win.cc(73)] ReadMemory at 0x12826e39 of 872 bytes failed: 仅完成部分的 ReadProcessMemory 或 WriteProcessMemory 请求。 (0x12B)
[0313/151753.669:ERROR:process_memory_win.cc(73)] ReadMemory at 0x1285677f of 512 bytes failed: 仅完成部分的 ReadProcessMemory 或 WriteProcessMemory 请求。 (0x12B)
[0313/151753.669:ERROR:process_memory_win.cc(73)] ReadMemory at 0x1285794b of 512 bytes failed: 仅完成部分的 ReadProcessMemory 或 WriteProcessMemory 请求。 (0x12B)
[0313/151753.669:ERROR:process_memory_win.cc(73)] ReadMemory at 0x1285bd1f of 512 bytes failed: 仅完成部分的 ReadProcessMemory 或 WriteProcessMemory 请求。 (0x12B)
[0313/151753.669:ERROR:process_memory_win.cc(73)] ReadMemory at 0x1285c686 of 512 bytes failed: 仅完成部分的 ReadProcessMemory 或 WriteProcessMemory 请求。 (0x12B)
[0313/151753.669:ERROR:process_memory_win.cc(73)] ReadMemory at 0x1288961c of 512 bytes failed: 仅完成部分的 ReadProcessMemory 或 WriteProcessMemory 请求。 (0x12B)
[0313/151753.669:ERROR:process_memory_win.cc(73)] ReadMemory at 0x128a70e8 of 512 bytes failed: 仅完成部分的 ReadProcessMemory 或 WriteProcessMemory 请求。 (0x12B)
[0313/151753.669:ERROR:process_memory_win.cc(73)] ReadMemory at 0x128a82c9 of 512 bytes failed: 仅完成部分的 ReadProcessMemory 或 WriteProcessMemory 请求。 (0x12B)
[0313/151753.669:ERROR:process_memory_win.cc(73)] ReadMemory at 0x128abe9a of 512 bytes failed: 仅完成部分的 ReadProcessMemory 或 WriteProcessMemory 请求。 (0x12B)
[0313/151753.669:ERROR:process_memory_win.cc(73)] ReadMemory at 0x128e6035 of 512 bytes failed: 仅完成部分的 ReadProcessMemory 或 WriteProcessMemory 请求。 (0x12B)
[0313/151753.669:ERROR:process_memory_win.cc(73)] ReadMemory at 0x1290bb7d of 892 bytes failed: 仅完成部分的 ReadProcessMemory 或 WriteProcessMemory 请求。 (0x12B)
[0313/151753.669:ERROR:process_memory_win.cc(73)] ReadMemory at 0x1290c536 of 830 bytes failed: 仅完成部分的 ReadProcessMemory 或 WriteProcessMemory 请求。 (0x12B)
[0313/151753.669:ERROR:process_memory_win.cc(73)] ReadMemory at 0x1290cb7c of 512 bytes failed: 仅完成部分的 ReadProcessMemory 或 WriteProcessMemory 请求。 (0x12B)
[0313/151753.669:ERROR:process_memory_win.cc(73)] ReadMemory at 0x1290d8a7 of 512 bytes failed: 仅完成部分的 ReadProcessMemory 或 WriteProcessMemory 请求。 (0x12B)
[0313/151753.669:ERROR:process_memory_win.cc(73)] ReadMemory at 0x12915ddf of 512 bytes failed: 仅完成部分的 ReadProcessMemory 或 WriteProcessMemory 请求。 (0x12B)
[0313/151753.669:ERROR:process_memory_win.cc(73)] ReadMemory at 0x1294698c of 512 bytes failed: 仅完成部分的 ReadProcessMemory 或 WriteProcessMemory 请求。 (0x12B)
[0313/151753.669:ERROR:process_memory_win.cc(73)] ReadMemory at 0x12971539 of 512 bytes failed: 仅完成部分的 ReadProcessMemory 或 WriteProcessMemory 请求。 (0x12B)
[0313/151753.669:ERROR:process_memory_win.cc(73)] ReadMemory at 0x1297362b of 512 bytes failed: 仅完成部分的 ReadProcessMemory 或 WriteProcessMemory 请求。 (0x12B)
[0313/151753.669:ERROR:process_memory_win.cc(73)] ReadMemory at 0x1297eb79 of 512 bytes failed: 仅完成部分的 ReadProcessMemory 或 WriteProcessMemory 请求。 (0x12B)
[0313/151753.669:ERROR:process_memory_win.cc(73)] ReadMemory at 0x12999f49 of 512 bytes failed: 仅完成部分的 ReadProcessMemory 或 WriteProcessMemory 请求。 (0x12B)
[0313/151753.669:ERROR:process_memory_win.cc(73)] ReadMemory at 0x129a98e7 of 512 bytes failed: 仅完成部分的 ReadProcessMemory 或 WriteProcessMemory 请求。 (0x12B)
[0313/151753.669:ERROR:process_memory_win.cc(73)] ReadMemory at 0x129aa2a1 of 512 bytes failed: 仅完成部分的 ReadProcessMemory 或 WriteProcessMemory 请求。 (0x12B)
[0313/151753.669:ERROR:process_memory_win.cc(73)] ReadMemory at 0x129ca306 of 548 bytes failed: 仅完成部分的 ReadProcessMemory 或 WriteProcessMemory 请求。 (0x12B)
[0313/151753.669:ERROR:process_memory_win.cc(73)] ReadMemory at 0x12a05e93 of 512 bytes failed: 仅完成部分的 ReadProcessMemory 或 WriteProcessMemory 请求。 (0x12B)
[0313/151753.669:ERROR:process_memory_win.cc(73)] ReadMemory at 0x12a37a70 of 512 bytes failed: 仅完成部分的 ReadProcessMemory 或 WriteProcessMemory 请求。 (0x12B)
[0313/151753.669:ERROR:process_memory_win.cc(73)] ReadMemory at 0x12ab5aa0 of 512 bytes failed: 仅完成部分的 ReadProcessMemory 或 WriteProcessMemory 请求。 (0x12B)
[0313/151753.669:ERROR:process_memory_win.cc(73)] ReadMemory at 0x12ab5dd4 of 512 bytes failed: 仅完成部分的 ReadProcessMemory 或 WriteProcessMemory 请求。 (0x12B)
[0313/151753.669:ERROR:process_memory_win.cc(73)] ReadMemory at 0x12add468 of 774 bytes failed: 仅完成部分的 ReadProcessMemory 或 WriteProcessMemory 请求。 (0x12B)
[0313/151753.669:ERROR:process_memory_win.cc(73)] ReadMemory at 0x12d0060b of 512 bytes failed: 仅完成部分的 ReadProcessMemory 或 WriteProcessMemory 请求。 (0x12B)
[0313/151753.669:ERROR:process_memory_win.cc(73)] ReadMemory at 0x12d0263d of 512 bytes failed: 仅完成部分的 ReadProcessMemory 或 WriteProcessMemory 请求。 (0x12B)
[0313/151753.669:ERROR:process_memory_win.cc(73)] ReadMemory at 0x12d052c9 of 512 bytes failed: 仅完成部分的 ReadProcessMemory 或 WriteProcessMemory 请求。 (0x12B)
[0313/151753.669:ERROR:process_memory_win.cc(73)] ReadMemory at 0x12d17a70 of 512 bytes failed: 仅完成部分的 ReadProcessMemory 或 WriteProcessMemory 请求。 (0x12B)
[0313/151753.669:ERROR:process_memory_win.cc(73)] ReadMemory at 0x12d50f0b of 1435 bytes failed: 仅完成部分的 ReadProcessMemory 或 WriteProcessMemory 请求。 (0x12B)
[0313/151753.669:ERROR:process_memory_win.cc(73)] ReadMemory at 0x12ff7a70 of 512 bytes failed: 仅完成部分的 ReadProcessMemory 或 WriteProcessMemory 请求。 (0x12B)
[0313/151753.669:ERROR:process_memory_win.cc(73)] ReadMemory at 0x1316c461 of 578 bytes failed: 仅完成部分的 ReadProcessMemory 或 WriteProcessMemory 请求。 (0x12B)
[0313/151753.669:ERROR:process_memory_win.cc(73)] ReadMemory at 0x1316c6b1 of 512 bytes failed: 仅完成部分的 ReadProcessMemory 或 WriteProcessMemory 请求。 (0x12B)
[0313/151753.669:ERROR:process_memory_win.cc(73)] ReadMemory at 0x1316cb9f of 512 bytes failed: 仅完成部分的 ReadProcessMemory 或 WriteProcessMemory 请求。 (0x12B)
[0313/151753.669:ERROR:process_memory_win.cc(73)] ReadMemory at 0x1316d2c6 of 563 bytes failed: 仅完成部分的 ReadProcessMemory 或 WriteProcessMemory 请求。 (0x12B)
[0313/151753.669:ERROR:process_memory_win.cc(73)] ReadMemory at 0x1316ffc9 of 537 bytes failed: 仅完成部分的 ReadProcessMemory 或 WriteProcessMemory 请求。 (0x12B)
[0313/151753.669:ERROR:process_memory_win.cc(73)] ReadMemory at 0x13170f8d of 512 bytes failed: 仅完成部分的 ReadProcessMemory 或 WriteProcessMemory 请求。 (0x12B)
[0313/151753.670:ERROR:process_memory_win.cc(73)] ReadMemory at 0x131726f3 of 512 bytes failed: 仅完成部分的 ReadProcessMemory 或 WriteProcessMemory 请求。 (0x12B)
[0313/151753.670:ERROR:process_memory_win.cc(73)] ReadMemory at 0x13173943 of 512 bytes failed: 仅完成部分的 ReadProcessMemory 或 WriteProcessMemory 请求。 (0x12B)
[0313/151753.670:ERROR:process_memory_win.cc(73)] ReadMemory at 0x131d385e of 512 bytes failed: 仅完成部分的 ReadProcessMemory 或 WriteProcessMemory 请求。 (0x12B)
[0313/151753.670:ERROR:process_memory_win.cc(73)] ReadMemory at 0x131d41aa of 512 bytes failed: 仅完成部分的 ReadProcessMemory 或 WriteProcessMemory 请求。 (0x12B)
[0313/151753.670:ERROR:process_memory_win.cc(73)] ReadMemory at 0x131dcf5a of 512 bytes failed: 仅完成部分的 ReadProcessMemory 或 WriteProcessMemory 请求。 (0x12B)
[0313/151753.670:ERROR:process_memory_win.cc(73)] ReadMemory at 0x131ebcb2 of 512 bytes failed: 仅完成部分的 ReadProcessMemory 或 WriteProcessMemory 请求。 (0x12B)
[0313/151753.670:ERROR:process_memory_win.cc(73)] ReadMemory at 0x1324a751 of 971 bytes failed: 仅完成部分的 ReadProcessMemory 或 WriteProcessMemory 请求。 (0x12B)
[0313/151753.670:ERROR:process_memory_win.cc(73)] ReadMemory at 0x1324c952 of 512 bytes failed: 仅完成部分的 ReadProcessMemory 或 WriteProcessMemory 请求。 (0x12B)
[0313/151753.670:ERROR:process_memory_win.cc(73)] ReadMemory at 0x1324cc89 of 512 bytes failed: 仅完成部分的 ReadProcessMemory 或 WriteProcessMemory 请求。 (0x12B)
[0313/151753.670:ERROR:process_memory_win.cc(73)] ReadMemory at 0x13280110 of 512 bytes failed: 仅完成部分的 ReadProcessMemory 或 WriteProcessMemory 请求。 (0x12B)
[0313/151753.670:ERROR:process_memory_win.cc(73)] ReadMemory at 0x13292b81 of 609 bytes failed: 仅完成部分的 ReadProcessMemory 或 WriteProcessMemory 请求。 (0x12B)
[0313/151753.670:ERROR:process_memory_win.cc(73)] ReadMemory at 0x1329359c of 512 bytes failed: 仅完成部分的 ReadProcessMemory 或 WriteProcessMemory 请求。 (0x12B)
[0313/151753.670:ERROR:process_memory_win.cc(73)] ReadMemory at 0x13293871 of 512 bytes failed: 仅完成部分的 ReadProcessMemory 或 WriteProcessMemory 请求。 (0x12B)
[0313/151753.670:ERROR:process_memory_win.cc(73)] ReadMemory at 0x132bc4c4 of 512 bytes failed: 仅完成部分的 ReadProcessMemory 或 WriteProcessMemory 请求。 (0x12B)
[0313/151753.670:ERROR:process_memory_win.cc(73)] ReadMemory at 0x132d7a70 of 512 bytes failed: 仅完成部分的 ReadProcessMemory 或 WriteProcessMemory 请求。 (0x12B)
[0313/151753.670:ERROR:process_memory_win.cc(73)] ReadMemory at 0x132eb75f of 978 bytes failed: 仅完成部分的 ReadProcessMemory 或 WriteProcessMemory 请求。 (0x12B)
[0313/151753.670:ERROR:process_memory_win.cc(73)] ReadMemory at 0x132ebdfd of 512 bytes failed: 仅完成部分的 ReadProcessMemory 或 WriteProcessMemory 请求。 (0x12B)
[0313/151753.670:ERROR:process_memory_win.cc(73)] ReadMemory at 0x13319397 of 512 bytes failed: 仅完成部分的 ReadProcessMemory 或 WriteProcessMemory 请求。 (0x12B)
[0313/151753.670:ERROR:process_memory_win.cc(73)] ReadMemory at 0x1331aa81 of 512 bytes failed: 仅完成部分的 ReadProcessMemory 或 WriteProcessMemory 请求。 (0x12B)
[0313/151753.670:ERROR:process_memory_win.cc(73)] ReadMemory at 0x1332499c of 512 bytes failed: 仅完成部分的 ReadProcessMemory 或 WriteProcessMemory 请求。 (0x12B)
[0313/151753.670:ERROR:process_memory_win.cc(73)] ReadMemory at 0x1332877b of 512 bytes failed: 仅完成部分的 ReadProcessMemory 或 WriteProcessMemory 请求。 (0x12B)
[0313/151753.670:ERROR:process_memory_win.cc(73)] ReadMemory at 0x13329031 of 512 bytes failed: 仅完成部分的 ReadProcessMemory 或 WriteProcessMemory 请求。 (0x12B)
[0313/151753.670:ERROR:process_memory_win.cc(73)] ReadMemory at 0x1332c815 of 512 bytes failed: 仅完成部分的 ReadProcessMemory 或 WriteProcessMemory 请求。 (0x12B)
[0313/151753.670:ERROR:process_memory_win.cc(73)] ReadMemory at 0x133360c7 of 512 bytes failed: 仅完成部分的 ReadProcessMemory 或 WriteProcessMemory 请求。 (0x12B)
[0313/151753.670:ERROR:process_memory_win.cc(73)] ReadMemory at 0x1334f1af of 512 bytes failed: 仅完成部分的 ReadProcessMemory 或 WriteProcessMemory 请求。 (0x12B)
[0313/151753.670:ERROR:process_memory_win.cc(73)] ReadMemory at 0x1334f807 of 528 bytes failed: 仅完成部分的 ReadProcessMemory 或 WriteProcessMemory 请求。 (0x12B)
[0313/151753.670:ERROR:process_memory_win.cc(73)] ReadMemory at 0x1334fab8 of 524 bytes failed: 仅完成部分的 ReadProcessMemory 或 WriteProcessMemory 请求。 (0x12B)
[0313/151753.670:ERROR:process_memory_win.cc(73)] ReadMemory at 0x133a62c7 of 512 bytes failed: 仅完成部分的 ReadProcessMemory 或 WriteProcessMemory 请求。 (0x12B)
[0313/151753.670:ERROR:process_memory_win.cc(73)] ReadMemory at 0x133a8143 of 512 bytes failed: 仅完成部分的 ReadProcessMemory 或 WriteProcessMemory 请求。 (0x12B)
[0313/151753.670:ERROR:process_memory_win.cc(73)] ReadMemory at 0x133a84cd of 512 bytes failed: 仅完成部分的 ReadProcessMemory 或 WriteProcessMemory 请求。 (0x12B)
[0313/151753.670:ERROR:process_memory_win.cc(73)] ReadMemory at 0x133a89ab of 512 bytes failed: 仅完成部分的 ReadProcessMemory 或 WriteProcessMemory 请求。 (0x12B)
[0313/151753.670:ERROR:process_memory_win.cc(73)] ReadMemory at 0x133a91fd of 875 bytes failed: 仅完成部分的 ReadProcessMemory 或 WriteProcessMemory 请求。 (0x12B)
[0313/151753.670:ERROR:process_memory_win.cc(73)] ReadMemory at 0x133a976d of 512 bytes failed: 仅完成部分的 ReadProcessMemory 或 WriteProcessMemory 请求。 (0x12B)
[0313/151753.670:ERROR:process_memory_win.cc(73)] ReadMemory at 0x133a9f91 of 545 bytes failed: 仅完成部分的 ReadProcessMemory 或 WriteProcessMemory 请求。 (0x12B)
[0313/151753.670:ERROR:process_memory_win.cc(73)] ReadMemory at 0x133abd07 of 512 bytes failed: 仅完成部分的 ReadProcessMemory 或 WriteProcessMemory 请求。 (0x12B)
[0313/151753.670:ERROR:process_memory_win.cc(73)] ReadMemory at 0x133ac203 of 635 bytes failed: 仅完成部分的 ReadProcessMemory 或 WriteProcessMemory 请求。 (0x12B)
[0313/151753.670:ERROR:process_memory_win.cc(73)] ReadMemory at 0x133ac960 of 599 bytes failed: 仅完成部分的 ReadProcessMemory 或 WriteProcessMemory 请求。 (0x12B)
[0313/151753.670:ERROR:process_memory_win.cc(73)] ReadMemory at 0x133af48e of 512 bytes failed: 仅完成部分的 ReadProcessMemory 或 WriteProcessMemory 请求。 (0x12B)
[0313/151753.670:ERROR:process_memory_win.cc(73)] ReadMemory at 0x133afe12 of 817 bytes failed: 仅完成部分的 ReadProcessMemory 或 WriteProcessMemory 请求。 (0x12B)
[0313/151753.670:ERROR:process_memory_win.cc(73)] ReadMemory at 0x133b022b of 512 bytes failed: 仅完成部分的 ReadProcessMemory 或 WriteProcessMemory 请求。 (0x12B)
[0313/151753.670:ERROR:process_memory_win.cc(73)] ReadMemory at 0x133b25bd of 512 bytes failed: 仅完成部分的 ReadProcessMemory 或 WriteProcessMemory 请求。 (0x12B)
[0313/151753.670:ERROR:process_memory_win.cc(73)] ReadMemory at 0x133b3405 of 512 bytes failed: 仅完成部分的 ReadProcessMemory 或 WriteProcessMemory 请求。 (0x12B)
[0313/151753.670:ERROR:process_memory_win.cc(73)] ReadMemory at 0x133b3780 of 512 bytes failed: 仅完成部分的 ReadProcessMemory 或 WriteProcessMemory 请求。 (0x12B)
[0313/151753.670:ERROR:process_memory_win.cc(73)] ReadMemory at 0x133b42e1 of 512 bytes failed: 仅完成部分的 ReadProcessMemory 或 WriteProcessMemory 请求。 (0x12B)
[0313/151753.670:ERROR:process_memory_win.cc(73)] ReadMemory at 0x133b46c2 of 512 bytes failed: 仅完成部分的 ReadProcessMemory 或 WriteProcessMemory 请求。 (0x12B)
[0313/151753.670:ERROR:process_memory_win.cc(73)] ReadMemory at 0x133ba924 of 522 bytes failed: 仅完成部分的 ReadProcessMemory 或 WriteProcessMemory 请求。 (0x12B)
[0313/151753.670:ERROR:process_memory_win.cc(73)] ReadMemory at 0x133bab90 of 512 bytes failed: 仅完成部分的 ReadProcessMemory 或 WriteProcessMemory 请求。 (0x12B)
[0313/151753.670:ERROR:process_memory_win.cc(73)] ReadMemory at 0x133badc9 of 756 bytes failed: 仅完成部分的 ReadProcessMemory 或 WriteProcessMemory 请求。 (0x12B)
[0313/151753.670:ERROR:process_memory_win.cc(73)] ReadMemory at 0x133bb1ed of 512 bytes failed: 仅完成部分的 ReadProcessMemory 或 WriteProcessMemory 请求。 (0x12B)
[0313/151753.670:ERROR:process_memory_win.cc(73)] ReadMemory at 0x133be230 of 512 bytes failed: 仅完成部分的 ReadProcessMemory 或 WriteProcessMemory 请求。 (0x12B)
[0313/151753.670:ERROR:process_memory_win.cc(73)] ReadMemory at 0x133e1672 of 766 bytes failed: 仅完成部分的 ReadProcessMemory 或 WriteProcessMemory 请求。 (0x12B)
[0313/151753.670:ERROR:process_memory_win.cc(73)] ReadMemory at 0x13405397 of 738 bytes failed: 仅完成部分的 ReadProcessMemory 或 WriteProcessMemory 请求。 (0x12B)
[0313/151753.670:ERROR:process_memory_win.cc(73)] ReadMemory at 0x134c1ef9 of 512 bytes failed: 仅完成部分的 ReadProcessMemory 或 WriteProcessMemory 请求。 (0x12B)
[0313/151753.670:ERROR:process_memory_win.cc(73)] ReadMemory at 0x134c9795 of 512 bytes failed: 仅完成部分的 ReadProcessMemory 或 WriteProcessMemory 请求。 (0x12B)
[0313/151753.670:ERROR:process_memory_win.cc(73)] ReadMemory at 0x134c9abc of 600 bytes failed: 仅完成部分的 ReadProcessMemory 或 WriteProcessMemory 请求。 (0x12B)
[0313/151753.670:ERROR:process_memory_win.cc(73)] ReadMemory at 0x134de463 of 512 bytes failed: 仅完成部分的 ReadProcessMemory 或 WriteProcessMemory 请求。 (0x12B)
[0313/151753.670:ERROR:process_memory_win.cc(73)] ReadMemory at 0x134de725 of 512 bytes failed: 仅完成部分的 ReadProcessMemory 或 WriteProcessMemory 请求。 (0x12B)
[0313/151753.670:ERROR:process_memory_win.cc(73)] ReadMemory at 0x134df9bb of 512 bytes failed: 仅完成部分的 ReadProcessMemory 或 WriteProcessMemory 请求。 (0x12B)
[0313/151753.670:ERROR:process_memory_win.cc(73)] ReadMemory at 0x134dfd38 of 522 bytes failed: 仅完成部分的 ReadProcessMemory 或 WriteProcessMemory 请求。 (0x12B)
[0313/151753.670:ERROR:process_memory_win.cc(73)] ReadMemory at 0x134e00a0 of 1075 bytes failed: 仅完成部分的 ReadProcessMemory 或 WriteProcessMemory 请求。 (0x12B)
[0313/151753.670:ERROR:process_memory_win.cc(73)] ReadMemory at 0x134e1907 of 522 bytes failed: 仅完成部分的 ReadProcessMemory 或 WriteProcessMemory 请求。 (0x12B)
[0313/151753.670:ERROR:process_memory_win.cc(73)] ReadMemory at 0x134e340a of 512 bytes failed: 仅完成部分的 ReadProcessMemory 或 WriteProcessMemory 请求。 (0x12B)
[0313/151753.670:ERROR:process_memory_win.cc(73)] ReadMemory at 0x134e6b80 of 512 bytes failed: 仅完成部分的 ReadProcessMemory 或 WriteProcessMemory 请求。 (0x12B)
[0313/151753.670:ERROR:process_memory_win.cc(73)] ReadMemory at 0x134e7183 of 512 bytes failed: 仅完成部分的 ReadProcessMemory 或 WriteProcessMemory 请求。 (0x12B)
[0313/151753.670:ERROR:process_memory_win.cc(73)] ReadMemory at 0x134ed4c5 of 512 bytes failed: 仅完成部分的 ReadProcessMemory 或 WriteProcessMemory 请求。 (0x12B)
[0313/151753.670:ERROR:process_memory_win.cc(73)] ReadMemory at 0x134eda72 of 512 bytes failed: 仅完成部分的 ReadProcessMemory 或 WriteProcessMemory 请求。 (0x12B)
[0313/151753.670:ERROR:process_memory_win.cc(73)] ReadMemory at 0x134f0301 of 621 bytes failed: 仅完成部分的 ReadProcessMemory 或 WriteProcessMemory 请求。 (0x12B)
[0313/151753.670:ERROR:process_memory_win.cc(73)] ReadMemory at 0x134f1a91 of 512 bytes failed: 仅完成部分的 ReadProcessMemory 或 WriteProcessMemory 请求。 (0x12B)
[0313/151753.670:ERROR:process_memory_win.cc(73)] ReadMemory at 0x134f36c1 of 512 bytes failed: 仅完成部分的 ReadProcessMemory 或 WriteProcessMemory 请求。 (0x12B)
[0313/151753.670:ERROR:process_memory_win.cc(73)] ReadMemory at 0x134f3a53 of 512 bytes failed: 仅完成部分的 ReadProcessMemory 或 WriteProcessMemory 请求。 (0x12B)
[0313/151753.670:ERROR:process_memory_win.cc(73)] ReadMemory at 0x134f3ce6 of 512 bytes failed: 仅完成部分的 ReadProcessMemory 或 WriteProcessMemory 请求。 (0x12B)
[0313/151753.670:ERROR:process_memory_win.cc(73)] ReadMemory at 0x134f4101 of 512 bytes failed: 仅完成部分的 ReadProcessMemory 或 WriteProcessMemory 请求。 (0x12B)
[0313/151753.670:ERROR:process_memory_win.cc(73)] ReadMemory at 0x13510a80 of 574 bytes failed: 仅完成部分的 ReadProcessMemory 或 WriteProcessMemory 请求。 (0x12B)
[0313/151753.670:ERROR:process_memory_win.cc(73)] ReadMemory at 0x13511447 of 512 bytes failed: 仅完成部分的 ReadProcessMemory 或 WriteProcessMemory 请求。 (0x12B)
[0313/151753.670:ERROR:process_memory_win.cc(73)] ReadMemory at 0x1351354c of 512 bytes failed: 仅完成部分的 ReadProcessMemory 或 WriteProcessMemory 请求。 (0x12B)
[0313/151753.670:ERROR:process_memory_win.cc(73)] ReadMemory at 0x13517ff3 of 512 bytes failed: 仅完成部分的 ReadProcessMemory 或 WriteProcessMemory 请求。 (0x12B)
[0313/151753.670:ERROR:process_memory_win.cc(73)] ReadMemory at 0x13519164 of 512 bytes failed: 仅完成部分的 ReadProcessMemory 或 WriteProcessMemory 请求。 (0x12B)
[0313/151753.670:ERROR:process_memory_win.cc(73)] ReadMemory at 0x135237c8 of 512 bytes failed: 仅完成部分的 ReadProcessMemory 或 WriteProcessMemory 请求。 (0x12B)
[0313/151753.670:ERROR:process_memory_win.cc(73)] ReadMemory at 0x13528873 of 591 bytes failed: 仅完成部分的 ReadProcessMemory 或 WriteProcessMemory 请求。 (0x12B)
[0313/151753.671:ERROR:process_memory_win.cc(73)] ReadMemory at 0x1354fd7a of 512 bytes failed: 仅完成部分的 ReadProcessMemory 或 WriteProcessMemory 请求。 (0x12B)
[0313/151753.671:ERROR:process_memory_win.cc(73)] ReadMemory at 0x13558f97 of 512 bytes failed: 仅完成部分的 ReadProcessMemory 或 WriteProcessMemory 请求。 (0x12B)
[0313/151753.671:ERROR:process_memory_win.cc(73)] ReadMemory at 0x13591e28 of 1597 bytes failed: 仅完成部分的 ReadProcessMemory 或 WriteProcessMemory 请求。 (0x12B)
[0313/151753.671:ERROR:process_memory_win.cc(73)] ReadMemory at 0x13592867 of 512 bytes failed: 仅完成部分的 ReadProcessMemory 或 WriteProcessMemory 请求。 (0x12B)
[0313/151753.671:ERROR:process_memory_win.cc(73)] ReadMemory at 0x13592c82 of 512 bytes failed: 仅完成部分的 ReadProcessMemory 或 WriteProcessMemory 请求。 (0x12B)
[0313/151753.671:ERROR:process_memory_win.cc(73)] ReadMemory at 0x1359398f of 512 bytes failed: 仅完成部分的 ReadProcessMemory 或 WriteProcessMemory 请求。 (0x12B)
[0313/151753.671:ERROR:process_memory_win.cc(73)] ReadMemory at 0x13593c69 of 995 bytes failed: 仅完成部分的 ReadProcessMemory 或 WriteProcessMemory 请求。 (0x12B)
[0313/151753.671:ERROR:process_memory_win.cc(73)] ReadMemory at 0x135972c3 of 529 bytes failed: 仅完成部分的 ReadProcessMemory 或 WriteProcessMemory 请求。 (0x12B)
[0313/151753.671:ERROR:process_memory_win.cc(73)] ReadMemory at 0x135980c9 of 525 bytes failed: 仅完成部分的 ReadProcessMemory 或 WriteProcessMemory 请求。 (0x12B)
[0313/151753.671:ERROR:process_memory_win.cc(73)] ReadMemory at 0x1361c3a6 of 512 bytes failed: 仅完成部分的 ReadProcessMemory 或 WriteProcessMemory 请求。 (0x12B)
[0313/151753.671:ERROR:process_memory_win.cc(73)] ReadMemory at 0x1363d29b of 512 bytes failed: 仅完成部分的 ReadProcessMemory 或 WriteProcessMemory 请求。 (0x12B)
[0313/151753.671:ERROR:process_memory_win.cc(73)] ReadMemory at 0x13640e48 of 512 bytes failed: 仅完成部分的 ReadProcessMemory 或 WriteProcessMemory 请求。 (0x12B)
[0313/151753.671:ERROR:process_memory_win.cc(73)] ReadMemory at 0x13667c30 of 512 bytes failed: 仅完成部分的 ReadProcessMemory 或 WriteProcessMemory 请求。 (0x12B)
[0313/151753.671:ERROR:process_memory_win.cc(73)] ReadMemory at 0x136698b2 of 1724 bytes failed: 仅完成部分的 ReadProcessMemory 或 WriteProcessMemory 请求。 (0x12B)
[0313/151753.671:ERROR:process_memory_win.cc(73)] ReadMemory at 0x1366a1f7 of 512 bytes failed: 仅完成部分的 ReadProcessMemory 或 WriteProcessMemory 请求。 (0x12B)
[0313/151753.671:ERROR:process_memory_win.cc(73)] ReadMemory at 0x13710cea of 706 bytes failed: 仅完成部分的 ReadProcessMemory 或 WriteProcessMemory 请求。 (0x12B)
[0313/151753.671:ERROR:process_memory_win.cc(73)] ReadMemory at 0x13757a70 of 512 bytes failed: 仅完成部分的 ReadProcessMemory 或 WriteProcessMemory 请求。 (0x12B)
[0313/151753.671:ERROR:process_memory_win.cc(73)] ReadMemory at 0x1378b008 of 512 bytes failed: 仅完成部分的 ReadProcessMemory 或 WriteProcessMemory 请求。 (0x12B)
[0313/151753.671:ERROR:process_memory_win.cc(73)] ReadMemory at 0x1378c1ad of 512 bytes failed: 仅完成部分的 ReadProcessMemory 或 WriteProcessMemory 请求。 (0x12B)
[0313/151753.671:ERROR:process_memory_win.cc(73)] ReadMemory at 0x13e1f23e of 735 bytes failed: 仅完成部分的 ReadProcessMemory 或 WriteProcessMemory 请求。 (0x12B)
[0313/151753.671:ERROR:process_memory_win.cc(73)] ReadMemory at 0x13e1f719 of 512 bytes failed: 仅完成部分的 ReadProcessMemory 或 WriteProcessMemory 请求。 (0x12B)
[0313/151753.671:ERROR:process_memory_win.cc(73)] ReadMemory at 0x13e5eb15 of 512 bytes failed: 仅完成部分的 ReadProcessMemory 或 WriteProcessMemory 请求。 (0x12B)
[0313/151753.671:ERROR:process_memory_win.cc(73)] ReadMemory at 0x13e731ed of 639 bytes failed: 仅完成部分的 ReadProcessMemory 或 WriteProcessMemory 请求。 (0x12B)
[0313/151753.671:ERROR:process_memory_win.cc(73)] ReadMemory at 0x13e73bfd of 826 bytes failed: 仅完成部分的 ReadProcessMemory 或 WriteProcessMemory 请求。 (0x12B)
[0313/151753.671:ERROR:process_memory_win.cc(73)] ReadMemory at 0x13e740a9 of 512 bytes failed: 仅完成部分的 ReadProcessMemory 或 WriteProcessMemory 请求。 (0x12B)
[0313/151753.671:ERROR:process_memory_win.cc(73)] ReadMemory at 0x13e74e10 of 512 bytes failed: 仅完成部分的 ReadProcessMemory 或 WriteProcessMemory 请求。 (0x12B)
[0313/151753.671:ERROR:process_memory_win.cc(73)] ReadMemory at 0x13e75f7b of 869 bytes failed: 仅完成部分的 ReadProcessMemory 或 WriteProcessMemory 请求。 (0x12B)
[0313/151753.671:ERROR:process_memory_win.cc(73)] ReadMemory at 0x13e76820 of 512 bytes failed: 仅完成部分的 ReadProcessMemory 或 WriteProcessMemory 请求。 (0x12B)
[0313/151753.671:ERROR:process_memory_win.cc(73)] ReadMemory at 0x13e776d2 of 512 bytes failed: 仅完成部分的 ReadProcessMemory 或 WriteProcessMemory 请求。 (0x12B)
[0313/151753.671:ERROR:process_memory_win.cc(73)] ReadMemory at 0x13e77b5c of 737 bytes failed: 仅完成部分的 ReadProcessMemory 或 WriteProcessMemory 请求。 (0x12B)
[0313/151753.671:ERROR:process_memory_win.cc(73)] ReadMemory at 0x13e781a5 of 512 bytes failed: 仅完成部分的 ReadProcessMemory 或 WriteProcessMemory 请求。 (0x12B)
[0313/151753.671:ERROR:process_memory_win.cc(73)] ReadMemory at 0x13e80230 of 683 bytes failed: 仅完成部分的 ReadProcessMemory 或 WriteProcessMemory 请求。 (0x12B)
[0313/151753.671:ERROR:process_memory_win.cc(73)] ReadMemory at 0x13e85370 of 729 bytes failed: 仅完成部分的 ReadProcessMemory 或 WriteProcessMemory 请求。 (0x12B)
[0313/151753.671:ERROR:process_memory_win.cc(73)] ReadMemory at 0x13e8583d of 512 bytes failed: 仅完成部分的 ReadProcessMemory 或 WriteProcessMemory 请求。 (0x12B)
[0313/151753.671:ERROR:process_memory_win.cc(73)] ReadMemory at 0x13e85a77 of 639 bytes failed: 仅完成部分的 ReadProcessMemory 或 WriteProcessMemory 请求。 (0x12B)
[0313/151753.671:ERROR:process_memory_win.cc(73)] ReadMemory at 0x13e86a91 of 512 bytes failed: 仅完成部分的 ReadProcessMemory 或 WriteProcessMemory 请求。 (0x12B)
[0313/151753.671:ERROR:process_memory_win.cc(73)] ReadMemory at 0x13e86f6e of 512 bytes failed: 仅完成部分的 ReadProcessMemory 或 WriteProcessMemory 请求。 (0x12B)
[0313/151753.671:ERROR:process_memory_win.cc(73)] ReadMemory at 0x13e87c78 of 512 bytes failed: 仅完成部分的 ReadProcessMemory 或 WriteProcessMemory 请求。 (0x12B)
[0313/151753.671:ERROR:process_memory_win.cc(73)] ReadMemory at 0x13e88b94 of 512 bytes failed: 仅完成部分的 ReadProcessMemory 或 WriteProcessMemory 请求。 (0x12B)
[0313/151753.671:ERROR:process_memory_win.cc(73)] ReadMemory at 0x13f4e3a4 of 512 bytes failed: 仅完成部分的 ReadProcessMemory 或 WriteProcessMemory 请求。 (0x12B)
[0313/151753.671:ERROR:process_memory_win.cc(73)] ReadMemory at 0x13f67d4a of 512 bytes failed: 仅完成部分的 ReadProcessMemory 或 WriteProcessMemory 请求。 (0x12B)
[0313/151753.671:ERROR:process_memory_win.cc(73)] ReadMemory at 0x13f71ffd of 607 bytes failed: 仅完成部分的 ReadProcessMemory 或 WriteProcessMemory 请求。 (0x12B)
[0313/151753.671:ERROR:process_memory_win.cc(73)] ReadMemory at 0x13f723f0 of 512 bytes failed: 仅完成部分的 ReadProcessMemory 或 WriteProcessMemory 请求。 (0x12B)
[0313/151753.671:ERROR:process_memory_win.cc(73)] ReadMemory at 0x13fe5f61 of 824 bytes failed: 仅完成部分的 ReadProcessMemory 或 WriteProcessMemory 请求。 (0x12B)
[0313/151753.671:ERROR:process_memory_win.cc(73)] ReadMemory at 0x13fe6b9e of 512 bytes failed: 仅完成部分的 ReadProcessMemory 或 WriteProcessMemory 请求。 (0x12B)
[0313/151753.671:ERROR:process_memory_win.cc(73)] ReadMemory at 0x13feab54 of 512 bytes failed: 仅完成部分的 ReadProcessMemory 或 WriteProcessMemory 请求。 (0x12B)
[0313/151753.671:ERROR:process_memory_win.cc(73)] ReadMemory at 0x13feb44e of 602 bytes failed: 仅完成部分的 ReadProcessMemory 或 WriteProcessMemory 请求。 (0x12B)
[0313/151753.671:ERROR:process_memory_win.cc(73)] ReadMemory at 0x13fed1f8 of 512 bytes failed: 仅完成部分的 ReadProcessMemory 或 WriteProcessMemory 请求。 (0x12B)
[0313/151753.671:ERROR:process_memory_win.cc(73)] ReadMemory at 0x13fed59b of 600 bytes failed: 仅完成部分的 ReadProcessMemory 或 WriteProcessMemory 请求。 (0x12B)
[0313/151753.671:ERROR:process_memory_win.cc(73)] ReadMemory at 0x13fed7fe of 512 bytes failed: 仅完成部分的 ReadProcessMemory 或 WriteProcessMemory 请求。 (0x12B)
[0313/151753.671:ERROR:process_memory_win.cc(73)] ReadMemory at 0x13feea22 of 512 bytes failed: 仅完成部分的 ReadProcessMemory 或 WriteProcessMemory 请求。 (0x12B)
[0313/151753.671:ERROR:process_memory_win.cc(73)] ReadMemory at 0x13feeccd of 512 bytes failed: 仅完成部分的 ReadProcessMemory 或 WriteProcessMemory 请求。 (0x12B)
[0313/151753.671:ERROR:process_memory_win.cc(73)] ReadMemory at 0x13feef80 of 1236 bytes failed: 仅完成部分的 ReadProcessMemory 或 WriteProcessMemory 请求。 (0x12B)
[0313/151753.671:ERROR:process_memory_win.cc(73)] ReadMemory at 0x13ff1981 of 873 bytes failed: 仅完成部分的 ReadProcessMemory 或 WriteProcessMemory 请求。 (0x12B)
[0313/151753.671:ERROR:process_memory_win.cc(73)] ReadMemory at 0x13ff1f82 of 512 bytes failed: 仅完成部分的 ReadProcessMemory 或 WriteProcessMemory 请求。 (0x12B)
[0313/151753.671:ERROR:process_memory_win.cc(73)] ReadMemory at 0x13ff2366 of 734 bytes failed: 仅完成部分的 ReadProcessMemory 或 WriteProcessMemory 请求。 (0x12B)
[0313/151753.671:ERROR:process_memory_win.cc(73)] ReadMemory at 0x13ff27fb of 955 bytes failed: 仅完成部分的 ReadProcessMemory 或 WriteProcessMemory 请求。 (0x12B)
[0313/151753.671:ERROR:process_memory_win.cc(73)] ReadMemory at 0x13ff2ecb of 808 bytes failed: 仅完成部分的 ReadProcessMemory 或 WriteProcessMemory 请求。 (0x12B)
[0313/151753.671:ERROR:process_memory_win.cc(73)] ReadMemory at 0x13ff3480 of 850 bytes failed: 仅完成部分的 ReadProcessMemory 或 WriteProcessMemory 请求。 (0x12B)
[0313/151753.671:ERROR:process_memory_win.cc(73)] ReadMemory at 0x13ff4081 of 637 bytes failed: 仅完成部分的 ReadProcessMemory 或 WriteProcessMemory 请求。 (0x12B)
[0313/151753.671:ERROR:process_memory_win.cc(73)] ReadMemory at 0x13ff4586 of 512 bytes failed: 仅完成部分的 ReadProcessMemory 或 WriteProcessMemory 请求。 (0x12B)
[0313/151753.671:ERROR:process_memory_win.cc(73)] ReadMemory at 0x1401dfd6 of 512 bytes failed: 仅完成部分的 ReadProcessMemory 或 WriteProcessMemory 请求。 (0x12B)
[0313/151753.671:ERROR:process_memory_win.cc(73)] ReadMemory at 0x1404a0b1 of 512 bytes failed: 仅完成部分的 ReadProcessMemory 或 WriteProcessMemory 请求。 (0x12B)
[0313/151753.671:ERROR:process_memory_win.cc(73)] ReadMemory at 0x14055833 of 512 bytes failed: 仅完成部分的 ReadProcessMemory 或 WriteProcessMemory 请求。 (0x12B)
[0313/151753.671:ERROR:process_memory_win.cc(73)] ReadMemory at 0x1405601b of 512 bytes failed: 仅完成部分的 ReadProcessMemory 或 WriteProcessMemory 请求。 (0x12B)
[0313/151753.671:ERROR:process_memory_win.cc(73)] ReadMemory at 0x1406196a of 610 bytes failed: 仅完成部分的 ReadProcessMemory 或 WriteProcessMemory 请求。 (0x12B)
[0313/151753.671:ERROR:process_memory_win.cc(73)] ReadMemory at 0x1406437e of 1003 bytes failed: 仅完成部分的 ReadProcessMemory 或 WriteProcessMemory 请求。 (0x12B)
[0313/151753.671:ERROR:process_memory_win.cc(73)] ReadMemory at 0x14068104 of 585 bytes failed: 仅完成部分的 ReadProcessMemory 或 WriteProcessMemory 请求。 (0x12B)
[0313/151753.671:ERROR:process_memory_win.cc(73)] ReadMemory at 0x14069234 of 512 bytes failed: 仅完成部分的 ReadProcessMemory 或 WriteProcessMemory 请求。 (0x12B)
[0313/151753.671:ERROR:process_memory_win.cc(73)] ReadMemory at 0x140715e2 of 512 bytes failed: 仅完成部分的 ReadProcessMemory 或 WriteProcessMemory 请求。 (0x12B)
[0313/151753.671:ERROR:process_memory_win.cc(73)] ReadMemory at 0x1408d9c3 of 512 bytes failed: 仅完成部分的 ReadProcessMemory 或 WriteProcessMemory 请求。 (0x12B)
[0313/151753.671:ERROR:process_memory_win.cc(73)] ReadMemory at 0x14092f22 of 512 bytes failed: 仅完成部分的 ReadProcessMemory 或 WriteProcessMemory 请求。 (0x12B)
[0313/151753.671:ERROR:process_memory_win.cc(73)] ReadMemory at 0x140e02dc of 695 bytes failed: 仅完成部分的 ReadProcessMemory 或 WriteProcessMemory 请求。 (0x12B)
[0313/151753.671:ERROR:process_memory_win.cc(73)] ReadMemory at 0x140e7a27 of 512 bytes failed: 仅完成部分的 ReadProcessMemory 或 WriteProcessMemory 请求。 (0x12B)
[0313/151753.671:ERROR:process_memory_win.cc(73)] ReadMemory at 0x140f7d69 of 1566 bytes failed: 仅完成部分的 ReadProcessMemory 或 WriteProcessMemory 请求。 (0x12B)
[0313/151753.671:ERROR:process_memory_win.cc(73)] ReadMemory at 0x140fbd43 of 581 bytes failed: 仅完成部分的 ReadProcessMemory 或 WriteProcessMemory 请求。 (0x12B)
[0313/151753.671:ERROR:process_memory_win.cc(73)] ReadMemory at 0x140fc52d of 526 bytes failed: 仅完成部分的 ReadProcessMemory 或 WriteProcessMemory 请求。 (0x12B)
[0313/151753.671:ERROR:process_memory_win.cc(73)] ReadMemory at 0x140ff6fb of 683 bytes failed: 仅完成部分的 ReadProcessMemory 或 WriteProcessMemory 请求。 (0x12B)
[0313/151753.671:ERROR:process_memory_win.cc(73)] ReadMemory at 0x141016f5 of 512 bytes failed: 仅完成部分的 ReadProcessMemory 或 WriteProcessMemory 请求。 (0x12B)
[0313/151753.671:ERROR:process_memory_win.cc(73)] ReadMemory at 0x14101e1a of 512 bytes failed: 仅完成部分的 ReadProcessMemory 或 WriteProcessMemory 请求。 (0x12B)
[0313/151753.672:ERROR:process_memory_win.cc(73)] ReadMemory at 0x14102a29 of 539 bytes failed: 仅完成部分的 ReadProcessMemory 或 WriteProcessMemory 请求。 (0x12B)
[0313/151753.672:ERROR:process_memory_win.cc(73)] ReadMemory at 0x141175d7 of 512 bytes failed: 仅完成部分的 ReadProcessMemory 或 WriteProcessMemory 请求。 (0x12B)
[0313/151753.672:ERROR:process_memory_win.cc(73)] ReadMemory at 0x1416df71 of 512 bytes failed: 仅完成部分的 ReadProcessMemory 或 WriteProcessMemory 请求。 (0x12B)
[0313/151753.672:ERROR:process_memory_win.cc(73)] ReadMemory at 0x1416e480 of 512 bytes failed: 仅完成部分的 ReadProcessMemory 或 WriteProcessMemory 请求。 (0x12B)
[0313/151753.672:ERROR:process_memory_win.cc(73)] ReadMemory at 0x1416f169 of 522 bytes failed: 仅完成部分的 ReadProcessMemory 或 WriteProcessMemory 请求。 (0x12B)
[0313/151753.672:ERROR:process_memory_win.cc(73)] ReadMemory at 0x1416f731 of 512 bytes failed: 仅完成部分的 ReadProcessMemory 或 WriteProcessMemory 请求。 (0x12B)
[0313/151753.672:ERROR:process_memory_win.cc(73)] ReadMemory at 0x141dfff9 of 512 bytes failed: 仅完成部分的 ReadProcessMemory 或 WriteProcessMemory 请求。 (0x12B)
[0313/151753.672:ERROR:process_memory_win.cc(73)] ReadMemory at 0x141e0e4c of 2099 bytes failed: 仅完成部分的 ReadProcessMemory 或 WriteProcessMemory 请求。 (0x12B)
[0313/151753.672:ERROR:process_memory_win.cc(73)] ReadMemory at 0x141e1b36 of 512 bytes failed: 仅完成部分的 ReadProcessMemory 或 WriteProcessMemory 请求。 (0x12B)
[0313/151753.672:ERROR:process_memory_win.cc(73)] ReadMemory at 0x14659e50 of 512 bytes failed: 仅完成部分的 ReadProcessMemory 或 WriteProcessMemory 请求。 (0x12B)
[0313/151753.672:ERROR:process_memory_win.cc(73)] ReadMemory at 0x1465f965 of 512 bytes failed: 仅完成部分的 ReadProcessMemory 或 WriteProcessMemory 请求。 (0x12B)
[0313/151753.672:ERROR:process_memory_win.cc(73)] ReadMemory at 0x14661fa8 of 512 bytes failed: 仅完成部分的 ReadProcessMemory 或 WriteProcessMemory 请求。 (0x12B)
[0313/151753.672:ERROR:process_memory_win.cc(73)] ReadMemory at 0x14662e61 of 651 bytes failed: 仅完成部分的 ReadProcessMemory 或 WriteProcessMemory 请求。 (0x12B)
[0313/151753.672:ERROR:process_memory_win.cc(73)] ReadMemory at 0x14663d87 of 547 bytes failed: 仅完成部分的 ReadProcessMemory 或 WriteProcessMemory 请求。 (0x12B)
[0313/151753.672:ERROR:process_memory_win.cc(73)] ReadMemory at 0x14664bcd of 512 bytes failed: 仅完成部分的 ReadProcessMemory 或 WriteProcessMemory 请求。 (0x12B)
[0313/151753.672:ERROR:process_memory_win.cc(73)] ReadMemory at 0x14665002 of 512 bytes failed: 仅完成部分的 ReadProcessMemory 或 WriteProcessMemory 请求。 (0x12B)
[0313/151753.672:ERROR:process_memory_win.cc(73)] ReadMemory at 0x1466c971 of 512 bytes failed: 仅完成部分的 ReadProcessMemory 或 WriteProcessMemory 请求。 (0x12B)
[0313/151753.672:ERROR:process_memory_win.cc(73)] ReadMemory at 0x1466cc0a of 512 bytes failed: 仅完成部分的 ReadProcessMemory 或 WriteProcessMemory 请求。 (0x12B)
[0313/151753.672:ERROR:process_memory_win.cc(73)] ReadMemory at 0x1466d321 of 526 bytes failed: 仅完成部分的 ReadProcessMemory 或 WriteProcessMemory 请求。 (0x12B)
[0313/151753.672:ERROR:process_memory_win.cc(73)] ReadMemory at 0x1466f539 of 967 bytes failed: 仅完成部分的 ReadProcessMemory 或 WriteProcessMemory 请求。 (0x12B)
[0313/151753.672:ERROR:process_memory_win.cc(73)] ReadMemory at 0x1466fffc of 512 bytes failed: 仅完成部分的 ReadProcessMemory 或 WriteProcessMemory 请求。 (0x12B)
[0313/151753.672:ERROR:process_memory_win.cc(73)] ReadMemory at 0x14671001 of 832 bytes failed: 仅完成部分的 ReadProcessMemory 或 WriteProcessMemory 请求。 (0x12B)
[0313/151753.672:ERROR:process_memory_win.cc(73)] ReadMemory at 0x1467e24b of 512 bytes failed: 仅完成部分的 ReadProcessMemory 或 WriteProcessMemory 请求。 (0x12B)
[0313/151753.672:ERROR:process_memory_win.cc(73)] ReadMemory at 0x146ddf80 of 514 bytes failed: 仅完成部分的 ReadProcessMemory 或 WriteProcessMemory 请求。 (0x12B)
[0313/151753.672:ERROR:process_memory_win.cc(73)] ReadMemory at 0x146de68c of 721 bytes failed: 仅完成部分的 ReadProcessMemory 或 WriteProcessMemory 请求。 (0x12B)
[0313/151753.672:ERROR:process_memory_win.cc(73)] ReadMemory at 0x146deaa6 of 512 bytes failed: 仅完成部分的 ReadProcessMemory 或 WriteProcessMemory 请求。 (0x12B)
[0313/151753.672:ERROR:process_memory_win.cc(73)] ReadMemory at 0x147018e9 of 585 bytes failed: 仅完成部分的 ReadProcessMemory 或 WriteProcessMemory 请求。 (0x12B)
[0313/151753.672:ERROR:process_memory_win.cc(73)] ReadMemory at 0x14701b5f of 512 bytes failed: 仅完成部分的 ReadProcessMemory 或 WriteProcessMemory 请求。 (0x12B)
[0313/151753.672:ERROR:process_memory_win.cc(73)] ReadMemory at 0x1470231c of 512 bytes failed: 仅完成部分的 ReadProcessMemory 或 WriteProcessMemory 请求。 (0x12B)
[0313/151753.672:ERROR:process_memory_win.cc(73)] ReadMemory at 0x14702696 of 581 bytes failed: 仅完成部分的 ReadProcessMemory 或 WriteProcessMemory 请求。 (0x12B)
[0313/151753.672:ERROR:process_memory_win.cc(73)] ReadMemory at 0x14702e2a of 512 bytes failed: 仅完成部分的 ReadProcessMemory 或 WriteProcessMemory 请求。 (0x12B)
[0313/151753.672:ERROR:process_memory_win.cc(73)] ReadMemory at 0x14703f61 of 512 bytes failed: 仅完成部分的 ReadProcessMemory 或 WriteProcessMemory 请求。 (0x12B)
[0313/151753.672:ERROR:process_memory_win.cc(73)] ReadMemory at 0x1470430f of 512 bytes failed: 仅完成部分的 ReadProcessMemory 或 WriteProcessMemory 请求。 (0x12B)
[0313/151753.672:ERROR:process_memory_win.cc(73)] ReadMemory at 0x1470781f of 767 bytes failed: 仅完成部分的 ReadProcessMemory 或 WriteProcessMemory 请求。 (0x12B)
[0313/151753.672:ERROR:process_memory_win.cc(73)] ReadMemory at 0x14709cdd of 512 bytes failed: 仅完成部分的 ReadProcessMemory 或 WriteProcessMemory 请求。 (0x12B)
[0313/151753.672:ERROR:process_memory_win.cc(73)] ReadMemory at 0x1470b827 of 512 bytes failed: 仅完成部分的 ReadProcessMemory 或 WriteProcessMemory 请求。 (0x12B)
[0313/151753.672:ERROR:process_memory_win.cc(73)] ReadMemory at 0x1470c829 of 641 bytes failed: 仅完成部分的 ReadProcessMemory 或 WriteProcessMemory 请求。 (0x12B)
[0313/151753.672:ERROR:process_memory_win.cc(73)] ReadMemory at 0x1470d1cb of 512 bytes failed: 仅完成部分的 ReadProcessMemory 或 WriteProcessMemory 请求。 (0x12B)
[0313/151753.672:ERROR:process_memory_win.cc(73)] ReadMemory at 0x1470d5e6 of 927 bytes failed: 仅完成部分的 ReadProcessMemory 或 WriteProcessMemory 请求。 (0x12B)
[0313/151753.672:ERROR:process_memory_win.cc(73)] ReadMemory at 0x1470e6a7 of 512 bytes failed: 仅完成部分的 ReadProcessMemory 或 WriteProcessMemory 请求。 (0x12B)
[0313/151753.672:ERROR:process_memory_win.cc(73)] ReadMemory at 0x1470e92d of 646 bytes failed: 仅完成部分的 ReadProcessMemory 或 WriteProcessMemory 请求。 (0x12B)
[0313/151753.672:ERROR:process_memory_win.cc(73)] ReadMemory at 0x1470ecee of 946 bytes failed: 仅完成部分的 ReadProcessMemory 或 WriteProcessMemory 请求。 (0x12B)
[0313/151753.672:ERROR:process_memory_win.cc(73)] ReadMemory at 0x147490e4 of 512 bytes failed: 仅完成部分的 ReadProcessMemory 或 WriteProcessMemory 请求。 (0x12B)
[0313/151753.672:ERROR:process_memory_win.cc(73)] ReadMemory at 0x1475ff80 of 512 bytes failed: 仅完成部分的 ReadProcessMemory 或 WriteProcessMemory 请求。 (0x12B)
[0313/151753.672:ERROR:process_memory_win.cc(73)] ReadMemory at 0x1476fede of 776 bytes failed: 仅完成部分的 ReadProcessMemory 或 WriteProcessMemory 请求。 (0x12B)
[0313/151753.672:ERROR:process_memory_win.cc(73)] ReadMemory at 0x14770235 of 512 bytes failed: 仅完成部分的 ReadProcessMemory 或 WriteProcessMemory 请求。 (0x12B)
[0313/151753.672:ERROR:process_memory_win.cc(73)] ReadMemory at 0x14a756cf of 1004 bytes failed: 仅完成部分的 ReadProcessMemory 或 WriteProcessMemory 请求。 (0x12B)
[0313/151753.672:ERROR:process_memory_win.cc(73)] ReadMemory at 0x14a77b12 of 512 bytes failed: 仅完成部分的 ReadProcessMemory 或 WriteProcessMemory 请求。 (0x12B)
[0313/151753.672:ERROR:process_memory_win.cc(73)] ReadMemory at 0x15001381 of 512 bytes failed: 仅完成部分的 ReadProcessMemory 或 WriteProcessMemory 请求。 (0x12B)
[0313/151753.672:ERROR:process_memory_win.cc(73)] ReadMemory at 0x15302301 of 512 bytes failed: 仅完成部分的 ReadProcessMemory 或 WriteProcessMemory 请求。 (0x12B)
[0313/151753.672:ERROR:process_memory_win.cc(73)] ReadMemory at 0x15323bbb of 512 bytes failed: 仅完成部分的 ReadProcessMemory 或 WriteProcessMemory 请求。 (0x12B)
[0313/151753.672:ERROR:process_memory_win.cc(73)] ReadMemory at 0x15341120 of 512 bytes failed: 仅完成部分的 ReadProcessMemory 或 WriteProcessMemory 请求。 (0x12B)
[0313/151753.672:ERROR:process_memory_win.cc(73)] ReadMemory at 0x15476670 of 512 bytes failed: 仅完成部分的 ReadProcessMemory 或 WriteProcessMemory 请求。 (0x12B)
[0313/151753.672:ERROR:process_memory_win.cc(73)] ReadMemory at 0x1549ce90 of 512 bytes failed: 仅完成部分的 ReadProcessMemory 或 WriteProcessMemory 请求。 (0x12B)
[0313/151753.672:ERROR:process_memory_win.cc(73)] ReadMemory at 0x154b09c8 of 724 bytes failed: 仅完成部分的 ReadProcessMemory 或 WriteProcessMemory 请求。 (0x12B)
[0313/151753.672:ERROR:process_memory_win.cc(73)] ReadMemory at 0x154b21f2 of 589 bytes failed: 仅完成部分的 ReadProcessMemory 或 WriteProcessMemory 请求。 (0x12B)
[0313/151753.672:ERROR:process_memory_win.cc(73)] ReadMemory at 0x154b2881 of 512 bytes failed: 仅完成部分的 ReadProcessMemory 或 WriteProcessMemory 请求。 (0x12B)
[0313/151753.672:ERROR:process_memory_win.cc(73)] ReadMemory at 0x154d2edc of 512 bytes failed: 仅完成部分的 ReadProcessMemory 或 WriteProcessMemory 请求。 (0x12B)
[0313/151753.672:ERROR:process_memory_win.cc(73)] ReadMemory at 0x15525e40 of 512 bytes failed: 仅完成部分的 ReadProcessMemory 或 WriteProcessMemory 请求。 (0x12B)
[0313/151753.672:ERROR:process_memory_win.cc(73)] ReadMemory at 0x15572d18 of 532 bytes failed: 仅完成部分的 ReadProcessMemory 或 WriteProcessMemory 请求。 (0x12B)
[0313/151753.672:ERROR:process_memory_win.cc(73)] ReadMemory at 0x1558dfd8 of 512 bytes failed: 仅完成部分的 ReadProcessMemory 或 WriteProcessMemory 请求。 (0x12B)
[0313/151753.672:ERROR:process_memory_win.cc(73)] ReadMemory at 0x155bcebe of 512 bytes failed: 仅完成部分的 ReadProcessMemory 或 WriteProcessMemory 请求。 (0x12B)
[0313/151753.672:ERROR:process_memory_win.cc(73)] ReadMemory at 0x156bffd1 of 512 bytes failed: 仅完成部分的 ReadProcessMemory 或 WriteProcessMemory 请求。 (0x12B)
[0313/151753.672:ERROR:process_memory_win.cc(73)] ReadMemory at 0x156c6e34 of 512 bytes failed: 仅完成部分的 ReadProcessMemory 或 WriteProcessMemory 请求。 (0x12B)
[0313/151753.672:ERROR:process_memory_win.cc(73)] ReadMemory at 0x156c70c0 of 512 bytes failed: 仅完成部分的 ReadProcessMemory 或 WriteProcessMemory 请求。 (0x12B)
[0313/151753.672:ERROR:process_memory_win.cc(73)] ReadMemory at 0x156c961b of 737 bytes failed: 仅完成部分的 ReadProcessMemory 或 WriteProcessMemory 请求。 (0x12B)
[0313/151753.672:ERROR:process_memory_win.cc(73)] ReadMemory at 0x1573c1cb of 512 bytes failed: 仅完成部分的 ReadProcessMemory 或 WriteProcessMemory 请求。 (0x12B)
[0313/151753.672:ERROR:process_memory_win.cc(73)] ReadMemory at 0x1573d690 of 512 bytes failed: 仅完成部分的 ReadProcessMemory 或 WriteProcessMemory 请求。 (0x12B)
[0313/151753.672:ERROR:process_memory_win.cc(73)] ReadMemory at 0x158cb290 of 600 bytes failed: 仅完成部分的 ReadProcessMemory 或 WriteProcessMemory 请求。 (0x12B)
[0313/151753.672:ERROR:process_memory_win.cc(73)] ReadMemory at 0x158e08f0 of 512 bytes failed: 仅完成部分的 ReadProcessMemory 或 WriteProcessMemory 请求。 (0x12B)
[0313/151753.672:ERROR:process_memory_win.cc(73)] ReadMemory at 0x158e1ad0 of 577 bytes failed: 仅完成部分的 ReadProcessMemory 或 WriteProcessMemory 请求。 (0x12B)
[0313/151753.672:ERROR:process_memory_win.cc(73)] ReadMemory at 0x158edec0 of 512 bytes failed: 仅完成部分的 ReadProcessMemory 或 WriteProcessMemory 请求。 (0x12B)
[0313/151753.672:ERROR:process_memory_win.cc(73)] ReadMemory at 0x158f0a80 of 512 bytes failed: 仅完成部分的 ReadProcessMemory 或 WriteProcessMemory 请求。 (0x12B)
[0313/151753.672:ERROR:process_memory_win.cc(73)] ReadMemory at 0x1593fa34 of 512 bytes failed: 仅完成部分的 ReadProcessMemory 或 WriteProcessMemory 请求。 (0x12B)
[0313/151753.672:ERROR:process_memory_win.cc(73)] ReadMemory at 0x15940467 of 549 bytes failed: 仅完成部分的 ReadProcessMemory 或 WriteProcessMemory 请求。 (0x12B)
[0313/151753.672:ERROR:process_memory_win.cc(73)] ReadMemory at 0x15941a04 of 512 bytes failed: 仅完成部分的 ReadProcessMemory 或 WriteProcessMemory 请求。 (0x12B)
[0313/151753.672:ERROR:process_memory_win.cc(73)] ReadMemory at 0x159bb2ef of 512 bytes failed: 仅完成部分的 ReadProcessMemory 或 WriteProcessMemory 请求。 (0x12B)
[0313/151753.672:ERROR:process_memory_win.cc(73)] ReadMemory at 0x15a54a20 of 512 bytes failed: 仅完成部分的 ReadProcessMemory 或 WriteProcessMemory 请求。 (0x12B)
[0313/151753.672:ERROR:process_memory_win.cc(73)] ReadMemory at 0x15aec772 of 596 bytes failed: 仅完成部分的 ReadProcessMemory 或 WriteProcessMemory 请求。 (0x12B)
[0313/151753.672:ERROR:process_memory_win.cc(73)] ReadMemory at 0x15aed09c of 512 bytes failed: 仅完成部分的 ReadProcessMemory 或 WriteProcessMemory 请求。 (0x12B)
[0313/151753.672:ERROR:process_memory_win.cc(73)] ReadMemory at 0x15b58b78 of 512 bytes failed: 仅完成部分的 ReadProcessMemory 或 WriteProcessMemory 请求。 (0x12B)
[0313/151753.672:ERROR:process_memory_win.cc(73)] ReadMemory at 0x15c2a712 of 512 bytes failed: 仅完成部分的 ReadProcessMemory 或 WriteProcessMemory 请求。 (0x12B)
[0313/151753.672:ERROR:process_memory_win.cc(73)] ReadMemory at 0x15c2af89 of 512 bytes failed: 仅完成部分的 ReadProcessMemory 或 WriteProcessMemory 请求。 (0x12B)
[0313/151753.672:ERROR:process_memory_win.cc(73)] ReadMemory at 0x15c2dabb of 640 bytes failed: 仅完成部分的 ReadProcessMemory 或 WriteProcessMemory 请求。 (0x12B)
[0313/151753.672:ERROR:process_memory_win.cc(73)] ReadMemory at 0x15d3c618 of 512 bytes failed: 仅完成部分的 ReadProcessMemory 或 WriteProcessMemory 请求。 (0x12B)
[0313/151753.672:ERROR:process_memory_win.cc(73)] ReadMemory at 0x15d3ebb8 of 512 bytes failed: 仅完成部分的 ReadProcessMemory 或 WriteProcessMemory 请求。 (0x12B)
[0313/151753.673:ERROR:process_memory_win.cc(73)] ReadMemory at 0x15d59ac8 of 512 bytes failed: 仅完成部分的 ReadProcessMemory 或 WriteProcessMemory 请求。 (0x12B)
[0313/151753.673:ERROR:process_memory_win.cc(73)] ReadMemory at 0x15d8c40e of 512 bytes failed: 仅完成部分的 ReadProcessMemory 或 WriteProcessMemory 请求。 (0x12B)
[0313/151753.673:ERROR:process_memory_win.cc(73)] ReadMemory at 0x161f7a70 of 512 bytes failed: 仅完成部分的 ReadProcessMemory 或 WriteProcessMemory 请求。 (0x12B)
[0313/151753.673:ERROR:process_memory_win.cc(73)] ReadMemory at 0x16221fcc of 512 bytes failed: 仅完成部分的 ReadProcessMemory 或 WriteProcessMemory 请求。 (0x12B)
[0313/151753.673:ERROR:process_memory_win.cc(73)] ReadMemory at 0x1622f180 of 732 bytes failed: 仅完成部分的 ReadProcessMemory 或 WriteProcessMemory 请求。 (0x12B)
[0313/151753.673:ERROR:process_memory_win.cc(73)] ReadMemory at 0x1626b078 of 512 bytes failed: 仅完成部分的 ReadProcessMemory 或 WriteProcessMemory 请求。 (0x12B)
[0313/151753.673:ERROR:process_memory_win.cc(73)] ReadMemory at 0x16283120 of 512 bytes failed: 仅完成部分的 ReadProcessMemory 或 WriteProcessMemory 请求。 (0x12B)
[0313/151753.673:ERROR:process_memory_win.cc(73)] ReadMemory at 0x1629d520 of 520 bytes failed: 仅完成部分的 ReadProcessMemory 或 WriteProcessMemory 请求。 (0x12B)
[0313/151753.673:ERROR:process_memory_win.cc(73)] ReadMemory at 0x1629e318 of 512 bytes failed: 仅完成部分的 ReadProcessMemory 或 WriteProcessMemory 请求。 (0x12B)
[0313/151753.673:ERROR:process_memory_win.cc(73)] ReadMemory at 0x162a28f4 of 512 bytes failed: 仅完成部分的 ReadProcessMemory 或 WriteProcessMemory 请求。 (0x12B)
[0313/151753.673:ERROR:process_memory_win.cc(73)] ReadMemory at 0x162a3024 of 512 bytes failed: 仅完成部分的 ReadProcessMemory 或 WriteProcessMemory 请求。 (0x12B)
[0313/151753.673:ERROR:process_memory_win.cc(73)] ReadMemory at 0x162a497c of 512 bytes failed: 仅完成部分的 ReadProcessMemory 或 WriteProcessMemory 请求。 (0x12B)
[0313/151753.673:ERROR:process_memory_win.cc(73)] ReadMemory at 0x162a4fbc of 512 bytes failed: 仅完成部分的 ReadProcessMemory 或 WriteProcessMemory 请求。 (0x12B)
[0313/151753.673:ERROR:process_memory_win.cc(73)] ReadMemory at 0x162a6a10 of 584 bytes failed: 仅完成部分的 ReadProcessMemory 或 WriteProcessMemory 请求。 (0x12B)
[0313/151753.673:ERROR:process_memory_win.cc(73)] ReadMemory at 0x162b0ba8 of 512 bytes failed: 仅完成部分的 ReadProcessMemory 或 WriteProcessMemory 请求。 (0x12B)
[0313/151753.673:ERROR:process_memory_win.cc(73)] ReadMemory at 0x162b16f0 of 512 bytes failed: 仅完成部分的 ReadProcessMemory 或 WriteProcessMemory 请求。 (0x12B)
[0313/151753.673:ERROR:process_memory_win.cc(73)] ReadMemory at 0x162b2994 of 512 bytes failed: 仅完成部分的 ReadProcessMemory 或 WriteProcessMemory 请求。 (0x12B)
[0313/151753.673:ERROR:process_memory_win.cc(73)] ReadMemory at 0x1633a980 of 560 bytes failed: 仅完成部分的 ReadProcessMemory 或 WriteProcessMemory 请求。 (0x12B)
[0313/151753.673:ERROR:process_memory_win.cc(73)] ReadMemory at 0x16399060 of 512 bytes failed: 仅完成部分的 ReadProcessMemory 或 WriteProcessMemory 请求。 (0x12B)
[0313/151753.673:ERROR:process_memory_win.cc(73)] ReadMemory at 0x16437bb0 of 592 bytes failed: 仅完成部分的 ReadProcessMemory 或 WriteProcessMemory 请求。 (0x12B)
[0313/151753.673:ERROR:process_memory_win.cc(73)] ReadMemory at 0x17617a70 of 512 bytes failed: 仅完成部分的 ReadProcessMemory 或 WriteProcessMemory 请求。 (0x12B)
[0313/151753.673:ERROR:process_memory_win.cc(73)] ReadMemory at 0x18a016a0 of 800 bytes failed: 仅完成部分的 ReadProcessMemory 或 WriteProcessMemory 请求。 (0x12B)
[0313/151753.673:ERROR:process_memory_win.cc(73)] ReadMemory at 0x18ae8918 of 512 bytes failed: 仅完成部分的 ReadProcessMemory 或 WriteProcessMemory 请求。 (0x12B)
[0313/151753.673:ERROR:process_memory_win.cc(73)] ReadMemory at 0x18ae97e8 of 512 bytes failed: 仅完成部分的 ReadProcessMemory 或 WriteProcessMemory 请求。 (0x12B)
[0313/151753.673:ERROR:process_memory_win.cc(73)] ReadMemory at 0x18b012a0 of 512 bytes failed: 仅完成部分的 ReadProcessMemory 或 WriteProcessMemory 请求。 (0x12B)
[0313/151753.673:ERROR:process_memory_win.cc(73)] ReadMemory at 0x18b022c0 of 512 bytes failed: 仅完成部分的 ReadProcessMemory 或 WriteProcessMemory 请求。 (0x12B)
[0313/151753.673:ERROR:process_memory_win.cc(73)] ReadMemory at 0x18b06070 of 512 bytes failed: 仅完成部分的 ReadProcessMemory 或 WriteProcessMemory 请求。 (0x12B)
[0313/151753.673:ERROR:process_memory_win.cc(73)] ReadMemory at 0x18b08d20 of 512 bytes failed: 仅完成部分的 ReadProcessMemory 或 WriteProcessMemory 请求。 (0x12B)
[0313/151753.673:ERROR:process_memory_win.cc(73)] ReadMemory at 0x18b09ac0 of 512 bytes failed: 仅完成部分的 ReadProcessMemory 或 WriteProcessMemory 请求。 (0x12B)
[0313/151753.673:ERROR:process_memory_win.cc(73)] ReadMemory at 0x18b54d60 of 992 bytes failed: 仅完成部分的 ReadProcessMemory 或 WriteProcessMemory 请求。 (0x12B)
[0313/151753.673:ERROR:process_memory_win.cc(73)] ReadMemory at 0x18b67f80 of 752 bytes failed: 仅完成部分的 ReadProcessMemory 或 WriteProcessMemory 请求。 (0x12B)
[0313/151753.673:ERROR:process_memory_win.cc(73)] ReadMemory at 0x18be3d30 of 512 bytes failed: 仅完成部分的 ReadProcessMemory 或 WriteProcessMemory 请求。 (0x12B)
[0313/151753.673:ERROR:process_memory_win.cc(73)] ReadMemory at 0x18d00dae of 512 bytes failed: 仅完成部分的 ReadProcessMemory 或 WriteProcessMemory 请求。 (0x12B)
[0313/151753.673:ERROR:process_memory_win.cc(73)] ReadMemory at 0x28432d80 of 520 bytes failed: 仅完成部分的 ReadProcessMemory 或 WriteProcessMemory 请求。 (0x12B)
[0313/151753.673:ERROR:process_memory_win.cc(73)] ReadMemory at 0x334b12b8 of 512 bytes failed: 仅完成部分的 ReadProcessMemory 或 WriteProcessMemory 请求。 (0x12B)
[0313/151753.673:ERROR:process_memory_win.cc(73)] ReadMemory at 0x33541d80 of 544 bytes failed: 仅完成部分的 ReadProcessMemory 或 WriteProcessMemory 请求。 (0x12B)
[0313/151753.673:ERROR:process_memory_win.cc(73)] ReadMemory at 0x335762c0 of 512 bytes failed: 仅完成部分的 ReadProcessMemory 或 WriteProcessMemory 请求。 (0x12B)
[0313/151753.673:ERROR:process_memory_win.cc(73)] ReadMemory at 0x35c61940 of 512 bytes failed: 仅完成部分的 ReadProcessMemory 或 WriteProcessMemory 请求。 (0x12B)
[0313/151753.673:ERROR:process_memory_win.cc(73)] ReadMemory at 0x35c61e80 of 880 bytes failed: 仅完成部分的 ReadProcessMemory 或 WriteProcessMemory 请求。 (0x12B)
[0313/151753.673:ERROR:process_memory_win.cc(73)] ReadMemory at 0x35c62b70 of 512 bytes failed: 仅完成部分的 ReadProcessMemory 或 WriteProcessMemory 请求。 (0x12B)
[0313/151753.673:ERROR:process_memory_win.cc(73)] ReadMemory at 0x35cbc690 of 512 bytes failed: 仅完成部分的 ReadProcessMemory 或 WriteProcessMemory 请求。 (0x12B)
[0313/151753.673:ERROR:process_memory_win.cc(73)] ReadMemory at 0x35cbc900 of 512 bytes failed: 仅完成部分的 ReadProcessMemory 或 WriteProcessMemory 请求。 (0x12B)
[0313/151753.673:ERROR:process_memory_win.cc(73)] ReadMemory at 0x35cd9fb8 of 512 bytes failed: 仅完成部分的 ReadProcessMemory 或 WriteProcessMemory 请求。 (0x12B)
[0313/151753.673:ERROR:process_memory_win.cc(73)] ReadMemory at 0x35d13bb0 of 512 bytes failed: 仅完成部分的 ReadProcessMemory 或 WriteProcessMemory 请求。 (0x12B)
[0313/151753.673:ERROR:process_memory_win.cc(73)] ReadMemory at 0x35d145f8 of 512 bytes failed: 仅完成部分的 ReadProcessMemory 或 WriteProcessMemory 请求。 (0x12B)
[0313/151753.673:ERROR:process_memory_win.cc(73)] ReadMemory at 0x35d14908 of 512 bytes failed: 仅完成部分的 ReadProcessMemory 或 WriteProcessMemory 请求。 (0x12B)
[0313/151753.673:ERROR:process_memory_win.cc(73)] ReadMemory at 0x36182a80 of 512 bytes failed: 仅完成部分的 ReadProcessMemory 或 WriteProcessMemory 请求。 (0x12B)
[0313/151753.673:ERROR:process_memory_win.cc(73)] ReadMemory at 0x36182cf0 of 552 bytes failed: 仅完成部分的 ReadProcessMemory 或 WriteProcessMemory 请求。 (0x12B)
[0313/151753.673:ERROR:process_memory_win.cc(73)] ReadMemory at 0x36be1940 of 792 bytes failed: 仅完成部分的 ReadProcessMemory 或 WriteProcessMemory 请求。 (0x12B)
[0313/151753.673:ERROR:process_memory_win.cc(73)] ReadMemory at 0x36bf39b8 of 512 bytes failed: 仅完成部分的 ReadProcessMemory 或 WriteProcessMemory 请求。 (0x12B)
[0313/151753.673:ERROR:process_memory_win.cc(73)] ReadMemory at 0x36bf3cd0 of 608 bytes failed: 仅完成部分的 ReadProcessMemory 或 WriteProcessMemory 请求。 (0x12B)
[0313/151753.673:ERROR:process_memory_win.cc(73)] ReadMemory at 0x36bfa480 of 512 bytes failed: 仅完成部分的 ReadProcessMemory 或 WriteProcessMemory 请求。 (0x12B)
[0313/151753.673:ERROR:process_memory_win.cc(73)] ReadMemory at 0x38001420 of 960 bytes failed: 仅完成部分的 ReadProcessMemory 或 WriteProcessMemory 请求。 (0x12B)
[0313/151753.673:ERROR:process_memory_win.cc(73)] ReadMemory at 0x38004000 of 416 bytes failed: 仅完成部分的 ReadProcessMemory 或 WriteProcessMemory 请求。 (0x12B)
[0313/151753.673:ERROR:process_memory_win.cc(73)] ReadMemory at 0x3802ff80 of 512 bytes failed: 仅完成部分的 ReadProcessMemory 或 WriteProcessMemory 请求。 (0x12B)
[0313/151753.673:ERROR:process_memory_win.cc(73)] ReadMemory at 0x38030218 of 512 bytes failed: 仅完成部分的 ReadProcessMemory 或 WriteProcessMemory 请求。 (0x12B)
[0313/151753.673:ERROR:process_memory_win.cc(73)] ReadMemory at 0x3803c240 of 512 bytes failed: 仅完成部分的 ReadProcessMemory 或 WriteProcessMemory 请求。 (0x12B)
[0313/151753.673:ERROR:process_memory_win.cc(73)] ReadMemory at 0x3803ffd1 of 512 bytes failed: 仅完成部分的 ReadProcessMemory 或 WriteProcessMemory 请求。 (0x12B)
[0313/151753.673:ERROR:process_memory_win.cc(73)] ReadMemory at 0x38047f80 of 512 bytes failed: 仅完成部分的 ReadProcessMemory 或 WriteProcessMemory 请求。 (0x12B)
[0313/151753.673:ERROR:process_memory_win.cc(73)] ReadMemory at 0x380485b0 of 512 bytes failed: 仅完成部分的 ReadProcessMemory 或 WriteProcessMemory 请求。 (0x12B)
[0313/151753.673:ERROR:process_memory_win.cc(73)] ReadMemory at 0x380489d0 of 512 bytes failed: 仅完成部分的 ReadProcessMemory 或 WriteProcessMemory 请求。 (0x12B)
[0313/151753.673:ERROR:process_memory_win.cc(73)] ReadMemory at 0x38048d40 of 1320 bytes failed: 仅完成部分的 ReadProcessMemory 或 WriteProcessMemory 请求。 (0x12B)
[0313/151753.673:ERROR:process_memory_win.cc(73)] ReadMemory at 0x380494d0 of 512 bytes failed: 仅完成部分的 ReadProcessMemory 或 WriteProcessMemory 请求。 (0x12B)
[0313/151753.673:ERROR:process_memory_win.cc(73)] ReadMemory at 0x38049f82 of 512 bytes failed: 仅完成部分的 ReadProcessMemory 或 WriteProcessMemory 请求。 (0x12B)
[0313/151753.673:ERROR:process_memory_win.cc(73)] ReadMemory at 0x38055750 of 512 bytes failed: 仅完成部分的 ReadProcessMemory 或 WriteProcessMemory 请求。 (0x12B)
[0313/151753.673:ERROR:process_memory_win.cc(73)] ReadMemory at 0x3808cdf0 of 512 bytes failed: 仅完成部分的 ReadProcessMemory 或 WriteProcessMemory 请求。 (0x12B)
[0313/151753.673:ERROR:process_memory_win.cc(73)] ReadMemory at 0x3808d218 of 512 bytes failed: 仅完成部分的 ReadProcessMemory 或 WriteProcessMemory 请求。 (0x12B)
[0313/151753.673:ERROR:process_memory_win.cc(73)] ReadMemory at 0x3808e948 of 536 bytes failed: 仅完成部分的 ReadProcessMemory 或 WriteProcessMemory 请求。 (0x12B)
[0313/151753.673:ERROR:process_memory_win.cc(73)] ReadMemory at 0x3808efa0 of 960 bytes failed: 仅完成部分的 ReadProcessMemory 或 WriteProcessMemory 请求。 (0x12B)
[0313/151753.673:ERROR:process_memory_win.cc(73)] ReadMemory at 0x3808f630 of 512 bytes failed: 仅完成部分的 ReadProcessMemory 或 WriteProcessMemory 请求。 (0x12B)
[0313/151753.673:ERROR:process_memory_win.cc(73)] ReadMemory at 0x3808fa80 of 696 bytes failed: 仅完成部分的 ReadProcessMemory 或 WriteProcessMemory 请求。 (0x12B)
[0313/151753.673:ERROR:process_memory_win.cc(73)] ReadMemory at 0x38090158 of 512 bytes failed: 仅完成部分的 ReadProcessMemory 或 WriteProcessMemory 请求。 (0x12B)
[0313/151753.673:ERROR:process_memory_win.cc(73)] ReadMemory at 0x38097c40 of 512 bytes failed: 仅完成部分的 ReadProcessMemory 或 WriteProcessMemory 请求。 (0x12B)
[0313/151753.673:ERROR:process_memory_win.cc(73)] ReadMemory at 0x38099380 of 512 bytes failed: 仅完成部分的 ReadProcessMemory 或 WriteProcessMemory 请求。 (0x12B)
[0313/151753.673:ERROR:process_memory_win.cc(73)] ReadMemory at 0x3809ac40 of 528 bytes failed: 仅完成部分的 ReadProcessMemory 或 WriteProcessMemory 请求。 (0x12B)
[0313/151753.673:ERROR:process_memory_win.cc(73)] ReadMemory at 0x3809af10 of 528 bytes failed: 仅完成部分的 ReadProcessMemory 或 WriteProcessMemory 请求。 (0x12B)
[0313/151753.673:ERROR:process_memory_win.cc(73)] ReadMemory at 0x3809cd40 of 608 bytes failed: 仅完成部分的 ReadProcessMemory 或 WriteProcessMemory 请求。 (0x12B)
[0313/151753.673:ERROR:process_memory_win.cc(73)] ReadMemory at 0x3809d340 of 608 bytes failed: 仅完成部分的 ReadProcessMemory 或 WriteProcessMemory 请求。 (0x12B)
[0313/151753.673:ERROR:process_memory_win.cc(73)] ReadMemory at 0x3809d8b0 of 512 bytes failed: 仅完成部分的 ReadProcessMemory 或 WriteProcessMemory 请求。 (0x12B)
[0313/151753.673:ERROR:process_memory_win.cc(73)] ReadMemory at 0x3809fc80 of 608 bytes failed: 仅完成部分的 ReadProcessMemory 或 WriteProcessMemory 请求。 (0x12B)
[0313/151753.673:ERROR:process_memory_win.cc(73)] ReadMemory at 0x3809ff80 of 512 bytes failed: 仅完成部分的 ReadProcessMemory 或 WriteProcessMemory 请求。 (0x12B)
[0313/151753.673:ERROR:process_memory_win.cc(73)] ReadMemory at 0x380abf81 of 639 bytes failed: 仅完成部分的 ReadProcessMemory 或 WriteProcessMemory 请求。 (0x12B)
[0313/151753.673:ERROR:process_memory_win.cc(73)] ReadMemory at 0x380aff60 of 512 bytes failed: 仅完成部分的 ReadProcessMemory 或 WriteProcessMemory 请求。 (0x12B)
[0313/151753.673:ERROR:process_memory_win.cc(73)] ReadMemory at 0x380b06c0 of 512 bytes failed: 仅完成部分的 ReadProcessMemory 或 WriteProcessMemory 请求。 (0x12B)
[0313/151753.673:ERROR:process_memory_win.cc(73)] ReadMemory at 0x380b7f80 of 512 bytes failed: 仅完成部分的 ReadProcessMemory 或 WriteProcessMemory 请求。 (0x12B)
[0313/151753.673:ERROR:process_memory_win.cc(73)] ReadMemory at 0x380ce008 of 512 bytes failed: 仅完成部分的 ReadProcessMemory 或 WriteProcessMemory 请求。 (0x12B)
[0313/151753.673:ERROR:process_memory_win.cc(73)] ReadMemory at 0x380cf130 of 512 bytes failed: 仅完成部分的 ReadProcessMemory 或 WriteProcessMemory 请求。 (0x12B)
[0313/151753.673:ERROR:process_memory_win.cc(73)] ReadMemory at 0x380cf450 of 992 bytes failed: 仅完成部分的 ReadProcessMemory 或 WriteProcessMemory 请求。 (0x12B)
[0313/151753.673:ERROR:process_memory_win.cc(73)] ReadMemory at 0x380e9acc of 512 bytes failed: 仅完成部分的 ReadProcessMemory 或 WriteProcessMemory 请求。 (0x12B)
[0313/151753.673:ERROR:process_memory_win.cc(73)] ReadMemory at 0x380e9fdc of 512 bytes failed: 仅完成部分的 ReadProcessMemory 或 WriteProcessMemory 请求。 (0x12B)
[0313/151753.674:ERROR:process_memory_win.cc(73)] ReadMemory at 0x380ea385 of 1231 bytes failed: 仅完成部分的 ReadProcessMemory 或 WriteProcessMemory 请求。 (0x12B)
[0313/151753.674:ERROR:process_memory_win.cc(73)] ReadMemory at 0x380eac3c of 512 bytes failed: 仅完成部分的 ReadProcessMemory 或 WriteProcessMemory 请求。 (0x12B)
[0313/151753.674:ERROR:process_memory_win.cc(73)] ReadMemory at 0x380eaf85 of 535 bytes failed: 仅完成部分的 ReadProcessMemory 或 WriteProcessMemory 请求。 (0x12B)
[0313/151753.674:ERROR:process_memory_win.cc(73)] ReadMemory at 0x380f3854 of 536 bytes failed: 仅完成部分的 ReadProcessMemory 或 WriteProcessMemory 请求。 (0x12B)
[0313/151753.674:ERROR:process_memory_win.cc(73)] ReadMemory at 0x38103f88 of 516 bytes failed: 仅完成部分的 ReadProcessMemory 或 WriteProcessMemory 请求。 (0x12B)
[0313/151753.674:ERROR:process_memory_win.cc(73)] ReadMemory at 0x3811ffd8 of 560 bytes failed: 仅完成部分的 ReadProcessMemory 或 WriteProcessMemory 请求。 (0x12B)
[0313/151753.674:ERROR:process_memory_win.cc(73)] ReadMemory at 0x38121f80 of 512 bytes failed: 仅完成部分的 ReadProcessMemory 或 WriteProcessMemory 请求。 (0x12B)
[0313/151753.674:ERROR:process_memory_win.cc(73)] ReadMemory at 0x38122f80 of 512 bytes failed: 仅完成部分的 ReadProcessMemory 或 WriteProcessMemory 请求。 (0x12B)
[0313/151753.674:ERROR:process_memory_win.cc(73)] ReadMemory at 0x38123d18 of 536 bytes failed: 仅完成部分的 ReadProcessMemory 或 WriteProcessMemory 请求。 (0x12B)
[0313/151753.674:ERROR:process_memory_win.cc(73)] ReadMemory at 0x38148120 of 512 bytes failed: 仅完成部分的 ReadProcessMemory 或 WriteProcessMemory 请求。 (0x12B)
[0313/151753.674:ERROR:process_memory_win.cc(73)] ReadMemory at 0x38149b20 of 512 bytes failed: 仅完成部分的 ReadProcessMemory 或 WriteProcessMemory 请求。 (0x12B)
[0313/151753.674:ERROR:process_memory_win.cc(73)] ReadMemory at 0x38165a40 of 512 bytes failed: 仅完成部分的 ReadProcessMemory 或 WriteProcessMemory 请求。 (0x12B)
[0313/151753.674:ERROR:process_memory_win.cc(73)] ReadMemory at 0x38201080 of 512 bytes failed: 仅完成部分的 ReadProcessMemory 或 WriteProcessMemory 请求。 (0x12B)
[0313/151753.674:ERROR:process_memory_win.cc(73)] ReadMemory at 0x38220830 of 512 bytes failed: 仅完成部分的 ReadProcessMemory 或 WriteProcessMemory 请求。 (0x12B)
[0313/151753.674:ERROR:process_memory_win.cc(73)] ReadMemory at 0x382bbf80 of 716 bytes failed: 仅完成部分的 ReadProcessMemory 或 WriteProcessMemory 请求。 (0x12B)
[0313/151753.674:ERROR:process_memory_win.cc(73)] ReadMemory at 0x382bc508 of 512 bytes failed: 仅完成部分的 ReadProcessMemory 或 WriteProcessMemory 请求。 (0x12B)
[0313/151753.674:ERROR:process_memory_win.cc(73)] ReadMemory at 0x382c7fc0 of 704 bytes failed: 仅完成部分的 ReadProcessMemory 或 WriteProcessMemory 请求。 (0x12B)
[0313/151753.674:ERROR:process_memory_win.cc(73)] ReadMemory at 0x382c87c0 of 888 bytes failed: 仅完成部分的 ReadProcessMemory 或 WriteProcessMemory 请求。 (0x12B)
[0313/151753.674:ERROR:process_memory_win.cc(73)] ReadMemory at 0x382c8b40 of 512 bytes failed: 仅完成部分的 ReadProcessMemory 或 WriteProcessMemory 请求。 (0x12B)
[0313/151753.674:ERROR:process_memory_win.cc(73)] ReadMemory at 0x382c9080 of 576 bytes failed: 仅完成部分的 ReadProcessMemory 或 WriteProcessMemory 请求。 (0x12B)
[0313/151753.674:ERROR:process_memory_win.cc(73)] ReadMemory at 0x382c9380 of 512 bytes failed: 仅完成部分的 ReadProcessMemory 或 WriteProcessMemory 请求。 (0x12B)
[0313/151753.674:ERROR:process_memory_win.cc(73)] ReadMemory at 0x382c9800 of 512 bytes failed: 仅完成部分的 ReadProcessMemory 或 WriteProcessMemory 请求。 (0x12B)
[0313/151753.674:ERROR:process_memory_win.cc(73)] ReadMemory at 0x382c9d80 of 512 bytes failed: 仅完成部分的 ReadProcessMemory 或 WriteProcessMemory 请求。 (0x12B)
[0313/151753.674:ERROR:process_memory_win.cc(73)] ReadMemory at 0x382ca340 of 960 bytes failed: 仅完成部分的 ReadProcessMemory 或 WriteProcessMemory 请求。 (0x12B)
[0313/151753.674:ERROR:process_memory_win.cc(73)] ReadMemory at 0x382ca7c0 of 1472 bytes failed: 仅完成部分的 ReadProcessMemory 或 WriteProcessMemory 请求。 (0x12B)
[0313/151753.674:ERROR:process_memory_win.cc(73)] ReadMemory at 0x382caf80 of 560 bytes failed: 仅完成部分的 ReadProcessMemory 或 WriteProcessMemory 请求。 (0x12B)
[0313/151753.674:ERROR:process_memory_win.cc(73)] ReadMemory at 0x382cb280 of 576 bytes failed: 仅完成部分的 ReadProcessMemory 或 WriteProcessMemory 请求。 (0x12B)
[0313/151753.674:ERROR:process_memory_win.cc(73)] ReadMemory at 0x382cb640 of 512 bytes failed: 仅完成部分的 ReadProcessMemory 或 WriteProcessMemory 请求。 (0x12B)
[0313/151753.674:ERROR:process_memory_win.cc(73)] ReadMemory at 0x382cb880 of 768 bytes failed: 仅完成部分的 ReadProcessMemory 或 WriteProcessMemory 请求。 (0x12B)
[0313/151753.674:ERROR:process_memory_win.cc(73)] ReadMemory at 0x382ce550 of 512 bytes failed: 仅完成部分的 ReadProcessMemory 或 WriteProcessMemory 请求。 (0x12B)
[0313/151753.674:ERROR:process_memory_win.cc(73)] ReadMemory at 0x4328cf90 of 512 bytes failed: 仅完成部分的 ReadProcessMemory 或 WriteProcessMemory 请求。 (0x12B)
[0313/151753.674:ERROR:process_memory_win.cc(73)] ReadMemory at 0x500041c0 of 512 bytes failed: 仅完成部分的 ReadProcessMemory 或 WriteProcessMemory 请求。 (0x12B)
[0313/151753.674:ERROR:process_memory_win.cc(73)] ReadMemory at 0x5000ff80 of 960 bytes failed: 仅完成部分的 ReadProcessMemory 或 WriteProcessMemory 请求。 (0x12B)
[0313/151753.674:ERROR:process_memory_win.cc(73)] ReadMemory at 0x500115d0 of 512 bytes failed: 仅完成部分的 ReadProcessMemory 或 WriteProcessMemory 请求。 (0x12B)
[0313/151753.674:ERROR:process_memory_win.cc(73)] ReadMemory at 0x500182c0 of 512 bytes failed: 仅完成部分的 ReadProcessMemory 或 WriteProcessMemory 请求。 (0x12B)
[0313/151753.674:ERROR:process_memory_win.cc(73)] ReadMemory at 0x50018bb0 of 512 bytes failed: 仅完成部分的 ReadProcessMemory 或 WriteProcessMemory 请求。 (0x12B)
[0313/151753.674:ERROR:process_memory_win.cc(73)] ReadMemory at 0x50018e20 of 1136 bytes failed: 仅完成部分的 ReadProcessMemory 或 WriteProcessMemory 请求。 (0x12B)
[0313/151753.674:ERROR:process_memory_win.cc(73)] ReadMemory at 0x50019980 of 1136 bytes failed: 仅完成部分的 ReadProcessMemory 或 WriteProcessMemory 请求。 (0x12B)
[0313/151753.674:ERROR:process_memory_win.cc(73)] ReadMemory at 0x50028500 of 688 bytes failed: 仅完成部分的 ReadProcessMemory 或 WriteProcessMemory 请求。 (0x12B)
[0313/151753.674:ERROR:process_memory_win.cc(73)] ReadMemory at 0x50028920 of 688 bytes failed: 仅完成部分的 ReadProcessMemory 或 WriteProcessMemory 请求。 (0x12B)
[0313/151753.674:ERROR:process_memory_win.cc(73)] ReadMemory at 0x500342a0 of 512 bytes failed: 仅完成部分的 ReadProcessMemory 或 WriteProcessMemory 请求。 (0x12B)
[0313/151753.674:ERROR:process_memory_win.cc(73)] ReadMemory at 0x5006bf80 of 128 bytes failed: 仅完成部分的 ReadProcessMemory 或 WriteProcessMemory 请求。 (0x12B)
[0313/151753.674:ERROR:process_memory_win.cc(73)] ReadMemory at 0x50073f80 of 128 bytes failed: 仅完成部分的 ReadProcessMemory 或 WriteProcessMemory 请求。 (0x12B)
[0313/151753.674:ERROR:process_memory_win.cc(73)] ReadMemory at 0x50083f80 of 128 bytes failed: 仅完成部分的 ReadProcessMemory 或 WriteProcessMemory 请求。 (0x12B)
[0313/151753.674:ERROR:process_memory_win.cc(73)] ReadMemory at 0x57748d68 of 512 bytes failed: 仅完成部分的 ReadProcessMemory 或 WriteProcessMemory 请求。 (0x12B)
[0313/151753.674:ERROR:process_memory_win.cc(73)] ReadMemory at 0x5775a7f0 of 512 bytes failed: 仅完成部分的 ReadProcessMemory 或 WriteProcessMemory 请求。 (0x12B)
[0313/151753.674:ERROR:process_memory_win.cc(73)] ReadMemory at 0x58ff3c10 of 524 bytes failed: 仅完成部分的 ReadProcessMemory 或 WriteProcessMemory 请求。 (0x12B)
[0313/151753.674:ERROR:process_memory_win.cc(73)] ReadMemory at 0x58ff8414 of 512 bytes failed: 仅完成部分的 ReadProcessMemory 或 WriteProcessMemory 请求。 (0x12B)
[0313/151753.674:ERROR:process_memory_win.cc(73)] ReadMemory at 0x5908fa00 of 540 bytes failed: 仅完成部分的 ReadProcessMemory 或 WriteProcessMemory 请求。 (0x12B)
[0313/151753.674:ERROR:process_memory_win.cc(73)] ReadMemory at 0x590a3150 of 528 bytes failed: 仅完成部分的 ReadProcessMemory 或 WriteProcessMemory 请求。 (0x12B)
[0313/151753.674:ERROR:process_memory_win.cc(73)] ReadMemory at 0x594012e0 of 512 bytes failed: 仅完成部分的 ReadProcessMemory 或 WriteProcessMemory 请求。 (0x12B)
[0313/151753.674:ERROR:process_memory_win.cc(73)] ReadMemory at 0x59407b8c of 512 bytes failed: 仅完成部分的 ReadProcessMemory 或 WriteProcessMemory 请求。 (0x12B)
[0313/151753.674:ERROR:process_memory_win.cc(73)] ReadMemory at 0x59407fb0 of 512 bytes failed: 仅完成部分的 ReadProcessMemory 或 WriteProcessMemory 请求。 (0x12B)
[0313/151753.674:ERROR:process_memory_win.cc(73)] ReadMemory at 0x594091f0 of 512 bytes failed: 仅完成部分的 ReadProcessMemory 或 WriteProcessMemory 请求。 (0x12B)
[0313/151753.674:ERROR:process_memory_win.cc(73)] ReadMemory at 0x5940ffc8 of 524 bytes failed: 仅完成部分的 ReadProcessMemory 或 WriteProcessMemory 请求。 (0x12B)
[0313/151753.674:ERROR:process_memory_win.cc(73)] ReadMemory at 0x59417810 of 512 bytes failed: 仅完成部分的 ReadProcessMemory 或 WriteProcessMemory 请求。 (0x12B)
[0313/151753.674:ERROR:process_memory_win.cc(73)] ReadMemory at 0x5944b380 of 512 bytes failed: 仅完成部分的 ReadProcessMemory 或 WriteProcessMemory 请求。 (0x12B)
[0313/151753.674:ERROR:process_memory_win.cc(73)] ReadMemory at 0x59469d00 of 536 bytes failed: 仅完成部分的 ReadProcessMemory 或 WriteProcessMemory 请求。 (0x12B)
[0313/151753.674:ERROR:process_memory_win.cc(73)] ReadMemory at 0x5947cd40 of 512 bytes failed: 仅完成部分的 ReadProcessMemory 或 WriteProcessMemory 请求。 (0x12B)
[0313/151753.674:ERROR:process_memory_win.cc(73)] ReadMemory at 0x5947e238 of 864 bytes failed: 仅完成部分的 ReadProcessMemory 或 WriteProcessMemory 请求。 (0x12B)
[0313/151753.674:ERROR:process_memory_win.cc(73)] ReadMemory at 0x59491400 of 512 bytes failed: 仅完成部分的 ReadProcessMemory 或 WriteProcessMemory 请求。 (0x12B)
[0313/151753.674:ERROR:process_memory_win.cc(73)] ReadMemory at 0x59509d4c of 512 bytes failed: 仅完成部分的 ReadProcessMemory 或 WriteProcessMemory 请求。 (0x12B)
[0313/151753.674:ERROR:process_memory_win.cc(73)] ReadMemory at 0x5951cae0 of 532 bytes failed: 仅完成部分的 ReadProcessMemory 或 WriteProcessMemory 请求。 (0x12B)
[0313/151753.674:ERROR:process_memory_win.cc(73)] ReadMemory at 0x5951d64c of 537 bytes failed: 仅完成部分的 ReadProcessMemory 或 WriteProcessMemory 请求。 (0x12B)
[0313/151753.674:ERROR:process_memory_win.cc(73)] ReadMemory at 0x5954c4bc of 512 bytes failed: 仅完成部分的 ReadProcessMemory 或 WriteProcessMemory 请求。 (0x12B)
[0313/151753.674:ERROR:process_memory_win.cc(73)] ReadMemory at 0x59551ddc of 672 bytes failed: 仅完成部分的 ReadProcessMemory 或 WriteProcessMemory 请求。 (0x12B)
[0313/151753.674:ERROR:process_memory_win.cc(73)] ReadMemory at 0x59553660 of 512 bytes failed: 仅完成部分的 ReadProcessMemory 或 WriteProcessMemory 请求。 (0x12B)
[0313/151753.674:ERROR:process_memory_win.cc(73)] ReadMemory at 0x595687c0 of 1168 bytes failed: 仅完成部分的 ReadProcessMemory 或 WriteProcessMemory 请求。 (0x12B)
[0313/151753.674:ERROR:process_memory_win.cc(73)] ReadMemory at 0x59568d40 of 948 bytes failed: 仅完成部分的 ReadProcessMemory 或 WriteProcessMemory 请求。 (0x12B)
[0313/151753.674:ERROR:process_memory_win.cc(73)] ReadMemory at 0x59601440 of 512 bytes failed: 仅完成部分的 ReadProcessMemory 或 WriteProcessMemory 请求。 (0x12B)
[0313/151753.674:ERROR:process_memory_win.cc(73)] ReadMemory at 0x5964142c of 613 bytes failed: 仅完成部分的 ReadProcessMemory 或 WriteProcessMemory 请求。 (0x12B)
[0313/151753.674:ERROR:process_memory_win.cc(73)] ReadMemory at 0x59642f50 of 512 bytes failed: 仅完成部分的 ReadProcessMemory 或 WriteProcessMemory 请求。 (0x12B)
[0313/151753.674:ERROR:process_memory_win.cc(73)] ReadMemory at 0x5966ba6c of 512 bytes failed: 仅完成部分的 ReadProcessMemory 或 WriteProcessMemory 请求。 (0x12B)
[0313/151753.674:ERROR:process_memory_win.cc(73)] ReadMemory at 0x5967160c of 512 bytes failed: 仅完成部分的 ReadProcessMemory 或 WriteProcessMemory 请求。 (0x12B)
[0313/151753.674:ERROR:process_memory_win.cc(73)] ReadMemory at 0x596719cc of 512 bytes failed: 仅完成部分的 ReadProcessMemory 或 WriteProcessMemory 请求。 (0x12B)
[0313/151753.674:ERROR:process_memory_win.cc(73)] ReadMemory at 0x596989d0 of 696 bytes failed: 仅完成部分的 ReadProcessMemory 或 WriteProcessMemory 请求。 (0x12B)
[0313/151753.674:ERROR:process_memory_win.cc(73)] ReadMemory at 0x596fa720 of 524 bytes failed: 仅完成部分的 ReadProcessMemory 或 WriteProcessMemory 请求。 (0x12B)
[0313/151753.674:ERROR:process_memory_win.cc(73)] ReadMemory at 0x599bd5c1 of 512 bytes failed: 仅完成部分的 ReadProcessMemory 或 WriteProcessMemory 请求。 (0x12B)
[0313/151753.674:ERROR:process_memory_win.cc(73)] ReadMemory at 0x599bdc9e of 512 bytes failed: 仅完成部分的 ReadProcessMemory 或 WriteProcessMemory 请求。 (0x12B)
[0313/151753.674:ERROR:process_memory_win.cc(73)] ReadMemory at 0x59b8ff00 of 512 bytes failed: 仅完成部分的 ReadProcessMemory 或 WriteProcessMemory 请求。 (0x12B)
[0313/151753.674:ERROR:process_memory_win.cc(73)] ReadMemory at 0x59b930dd of 512 bytes failed: 仅完成部分的 ReadProcessMemory 或 WriteProcessMemory 请求。 (0x12B)
[0313/151753.674:ERROR:process_memory_win.cc(73)] ReadMemory at 0x59bd8a80 of 564 bytes failed: 仅完成部分的 ReadProcessMemory 或 WriteProcessMemory 请求。 (0x12B)
[0313/151753.674:ERROR:process_memory_win.cc(73)] ReadMemory at 0x59bdeab0 of 512 bytes failed: 仅完成部分的 ReadProcessMemory 或 WriteProcessMemory 请求。 (0x12B)
[0313/151753.674:ERROR:process_memory_win.cc(73)] ReadMemory at 0x59bdf478 of 512 bytes failed: 仅完成部分的 ReadProcessMemory 或 WriteProcessMemory 请求。 (0x12B)
[0313/151753.674:ERROR:process_memory_win.cc(73)] ReadMemory at 0x59c11a30 of 537 bytes failed: 仅完成部分的 ReadProcessMemory 或 WriteProcessMemory 请求。 (0x12B)
[0313/151753.674:ERROR:process_memory_win.cc(73)] ReadMemory at 0x59c12fc8 of 512 bytes failed: 仅完成部分的 ReadProcessMemory 或 WriteProcessMemory 请求。 (0x12B)
[0313/151753.675:ERROR:process_memory_win.cc(73)] ReadMemory at 0x59c9a281 of 531 bytes failed: 仅完成部分的 ReadProcessMemory 或 WriteProcessMemory 请求。 (0x12B)
[0313/151753.675:ERROR:process_memory_win.cc(73)] ReadMemory at 0x59c9a869 of 514 bytes failed: 仅完成部分的 ReadProcessMemory 或 WriteProcessMemory 请求。 (0x12B)
[0313/151753.675:ERROR:process_memory_win.cc(73)] ReadMemory at 0x5a00449c of 544 bytes failed: 仅完成部分的 ReadProcessMemory 或 WriteProcessMemory 请求。 (0x12B)
[0313/151753.675:ERROR:process_memory_win.cc(73)] ReadMemory at 0x5a00640c of 512 bytes failed: 仅完成部分的 ReadProcessMemory 或 WriteProcessMemory 请求。 (0x12B)
[0313/151753.675:ERROR:process_memory_win.cc(73)] ReadMemory at 0x5a0072c0 of 540 bytes failed: 仅完成部分的 ReadProcessMemory 或 WriteProcessMemory 请求。 (0x12B)
[0313/151753.675:ERROR:process_memory_win.cc(73)] ReadMemory at 0x5a6010c0 of 512 bytes failed: 仅完成部分的 ReadProcessMemory 或 WriteProcessMemory 请求。 (0x12B)
[0313/151753.675:ERROR:process_memory_win.cc(73)] ReadMemory at 0x5a6019a0 of 512 bytes failed: 仅完成部分的 ReadProcessMemory 或 WriteProcessMemory 请求。 (0x12B)
[0313/151753.675:ERROR:process_memory_win.cc(73)] ReadMemory at 0x5a629180 of 780 bytes failed: 仅完成部分的 ReadProcessMemory 或 WriteProcessMemory 请求。 (0x12B)
[0313/151753.675:ERROR:process_memory_win.cc(73)] ReadMemory at 0x5a629880 of 780 bytes failed: 仅完成部分的 ReadProcessMemory 或 WriteProcessMemory 请求。 (0x12B)
[0313/151753.675:ERROR:process_memory_win.cc(73)] ReadMemory at 0x5a71d140 of 533 bytes failed: 仅完成部分的 ReadProcessMemory 或 WriteProcessMemory 请求。 (0x12B)
[0313/151753.675:ERROR:process_memory_win.cc(73)] ReadMemory at 0x5a739870 of 560 bytes failed: 仅完成部分的 ReadProcessMemory 或 WriteProcessMemory 请求。 (0x12B)
[0313/151753.675:ERROR:process_memory_win.cc(73)] ReadMemory at 0x5a744e70 of 512 bytes failed: 仅完成部分的 ReadProcessMemory 或 WriteProcessMemory 请求。 (0x12B)
[0313/151753.675:ERROR:process_memory_win.cc(73)] ReadMemory at 0x5a746140 of 532 bytes failed: 仅完成部分的 ReadProcessMemory 或 WriteProcessMemory 请求。 (0x12B)
[0313/151753.675:ERROR:process_memory_win.cc(73)] ReadMemory at 0x5a746520 of 688 bytes failed: 仅完成部分的 ReadProcessMemory 或 WriteProcessMemory 请求。 (0x12B)
[0313/151753.675:ERROR:process_memory_win.cc(73)] ReadMemory at 0x5a748040 of 512 bytes failed: 仅完成部分的 ReadProcessMemory 或 WriteProcessMemory 请求。 (0x12B)
[0313/151753.675:ERROR:process_memory_win.cc(73)] ReadMemory at 0x5a74e700 of 512 bytes failed: 仅完成部分的 ReadProcessMemory 或 WriteProcessMemory 请求。 (0x12B)
[0313/151753.675:ERROR:process_memory_win.cc(73)] ReadMemory at 0x5a801b40 of 512 bytes failed: 仅完成部分的 ReadProcessMemory 或 WriteProcessMemory 请求。 (0x12B)
[0313/151753.675:ERROR:process_memory_win.cc(73)] ReadMemory at 0x5a97aae0 of 516 bytes failed: 仅完成部分的 ReadProcessMemory 或 WriteProcessMemory 请求。 (0x12B)
[0313/151753.675:ERROR:process_memory_win.cc(73)] ReadMemory at 0x5a986600 of 536 bytes failed: 仅完成部分的 ReadProcessMemory 或 WriteProcessMemory 请求。 (0x12B)
[0313/151753.675:ERROR:process_memory_win.cc(73)] ReadMemory at 0x5a9889e0 of 538 bytes failed: 仅完成部分的 ReadProcessMemory 或 WriteProcessMemory 请求。 (0x12B)
[0313/151753.675:ERROR:process_memory_win.cc(73)] ReadMemory at 0x5aadc540 of 672 bytes failed: 仅完成部分的 ReadProcessMemory 或 WriteProcessMemory 请求。 (0x12B)
[0313/151753.675:ERROR:process_memory_win.cc(73)] ReadMemory at 0x5ab28180 of 512 bytes failed: 仅完成部分的 ReadProcessMemory 或 WriteProcessMemory 请求。 (0x12B)
[0313/151753.675:ERROR:process_memory_win.cc(73)] ReadMemory at 0x5e2019b0 of 624 bytes failed: 仅完成部分的 ReadProcessMemory 或 WriteProcessMemory 请求。 (0x12B)
[0313/151753.675:ERROR:process_memory_win.cc(73)] ReadMemory at 0x5e202370 of 808 bytes failed: 仅完成部分的 ReadProcessMemory 或 WriteProcessMemory 请求。 (0x12B)
[0313/151753.675:ERROR:process_memory_win.cc(73)] ReadMemory at 0x5e207198 of 512 bytes failed: 仅完成部分的 ReadProcessMemory 或 WriteProcessMemory 请求。 (0x12B)
[0313/151753.675:ERROR:process_memory_win.cc(73)] ReadMemory at 0x5e2fb9e0 of 560 bytes failed: 仅完成部分的 ReadProcessMemory 或 WriteProcessMemory 请求。 (0x12B)
[0313/151753.675:ERROR:process_memory_win.cc(73)] ReadMemory at 0x5e327198 of 528 bytes failed: 仅完成部分的 ReadProcessMemory 或 WriteProcessMemory 请求。 (0x12B)
[0313/151753.675:ERROR:process_memory_win.cc(73)] ReadMemory at 0x5ede1980 of 512 bytes failed: 仅完成部分的 ReadProcessMemory 或 WriteProcessMemory 请求。 (0x12B)
[0313/151753.675:ERROR:process_memory_win.cc(73)] ReadMemory at 0x5edf0758 of 632 bytes failed: 仅完成部分的 ReadProcessMemory 或 WriteProcessMemory 请求。 (0x12B)
[0313/151753.675:ERROR:process_memory_win.cc(73)] ReadMemory at 0x5eee90e0 of 512 bytes failed: 仅完成部分的 ReadProcessMemory 或 WriteProcessMemory 请求。 (0x12B)
[0313/151753.675:ERROR:process_memory_win.cc(73)] ReadMemory at 0x5ef09888 of 512 bytes failed: 仅完成部分的 ReadProcessMemory 或 WriteProcessMemory 请求。 (0x12B)
[0313/151753.675:ERROR:process_memory_win.cc(73)] ReadMemory at 0x72c30000 of 384 bytes failed: 仅完成部分的 ReadProcessMemory 或 WriteProcessMemory 请求。 (0x12B)
[0313/151753.675:ERROR:process_memory_win.cc(73)] ReadMemory at 0x75262fb2 of 512 bytes failed: 仅完成部分的 ReadProcessMemory 或 WriteProcessMemory 请求。 (0x12B)
[0313/151753.675:ERROR:process_memory_win.cc(73)] ReadMemory at 0x753c7b10 of 537 bytes failed: 仅完成部分的 ReadProcessMemory 或 WriteProcessMemory 请求。 (0x12B)
[0313/151753.675:ERROR:process_memory_win.cc(73)] ReadMemory at 0x7540ee3c of 512 bytes failed: 仅完成部分的 ReadProcessMemory 或 WriteProcessMemory 请求。 (0x12B)
[0313/151753.675:ERROR:process_memory_win.cc(73)] ReadMemory at 0x76ffff80 of 512 bytes failed: 仅完成部分的 ReadProcessMemory 或 WriteProcessMemory 请求。 (0x12B)
[0313/151753.675:ERROR:process_memory_win.cc(73)] ReadMemory at 0x77015dc5 of 512 bytes failed: 仅完成部分的 ReadProcessMemory 或 WriteProcessMemory 请求。 (0x12B)
[0313/151753.675:ERROR:process_memory_win.cc(73)] ReadMemory at 0x7711911f of 608 bytes failed: 仅完成部分的 ReadProcessMemory 或 WriteProcessMemory 请求。 (0x12B)
[0313/151753.675:ERROR:process_memory_win.cc(73)] ReadMemory at 0x7711a461 of 535 bytes failed: 仅完成部分的 ReadProcessMemory 或 WriteProcessMemory 请求。 (0x12B)
[0313/151753.675:ERROR:process_memory_win.cc(73)] ReadMemory at 0x7711b880 of 539 bytes failed: 仅完成部分的 ReadProcessMemory 或 WriteProcessMemory 请求。 (0x12B)
[0313/151753.675:ERROR:process_memory_win.cc(73)] ReadMemory at 0x77136dd0 of 512 bytes failed: 仅完成部分的 ReadProcessMemory 或 WriteProcessMemory 请求。 (0x12B)
[0313/151753.675:ERROR:process_memory_win.cc(73)] ReadMemory at 0x771373c2 of 662 bytes failed: 仅完成部分的 ReadProcessMemory 或 WriteProcessMemory 请求。 (0x12B)
[0313/151753.675:ERROR:process_memory_win.cc(73)] ReadMemory at 0x7713ab8a of 580 bytes failed: 仅完成部分的 ReadProcessMemory 或 WriteProcessMemory 请求。 (0x12B)
[0313/151753.675:ERROR:process_memory_win.cc(73)] ReadMemory at 0x77144bf0 of 512 bytes failed: 仅完成部分的 ReadProcessMemory 或 WriteProcessMemory 请求。 (0x12B)
[0313/151753.675:ERROR:process_memory_win.cc(73)] ReadMemory at 0x7721a9aa of 512 bytes failed: 仅完成部分的 ReadProcessMemory 或 WriteProcessMemory 请求。 (0x12B)
[0313/151753.675:ERROR:process_memory_win.cc(73)] ReadMemory at 0x77222840 of 896 bytes failed: 仅完成部分的 ReadProcessMemory 或 WriteProcessMemory 请求。 (0x12B)
[0313/151753.675:ERROR:process_memory_win.cc(73)] ReadMemory at 0x7723f804 of 512 bytes failed: 仅完成部分的 ReadProcessMemory 或 WriteProcessMemory 请求。 (0x12B)
[0313/151753.675:ERROR:process_memory_win.cc(73)] ReadMemory at 0x774c1558 of 512 bytes failed: 仅完成部分的 ReadProcessMemory 或 WriteProcessMemory 请求。 (0x12B)
[0313/151753.675:ERROR:process_memory_win.cc(73)] ReadMemory at 0x774cb4f8 of 18 bytes failed: 仅完成部分的 ReadProcessMemory 或 WriteProcessMemory 请求。 (0x12B)
[0313/151753.675:ERROR:process_memory_win.cc(73)] ReadMemory at 0x77503d80 of 512 bytes failed: 仅完成部分的 ReadProcessMemory 或 WriteProcessMemory 请求。 (0x12B)
[0313/151753.675:ERROR:process_memory_win.cc(73)] ReadMemory at 0x775085e4 of 512 bytes failed: 仅完成部分的 ReadProcessMemory 或 WriteProcessMemory 请求。 (0x12B)
[0313/151753.675:ERROR:process_memory_win.cc(73)] ReadMemory at 0x7750c6be of 512 bytes failed: 仅完成部分的 ReadProcessMemory 或 WriteProcessMemory 请求。 (0x12B)
[0313/151753.675:ERROR:process_memory_win.cc(73)] ReadMemory at 0x7750cb13 of 512 bytes failed: 仅完成部分的 ReadProcessMemory 或 WriteProcessMemory 请求。 (0x12B)
[0313/151753.675:ERROR:process_memory_win.cc(73)] ReadMemory at 0x7750d6c2 of 512 bytes failed: 仅完成部分的 ReadProcessMemory 或 WriteProcessMemory 请求。 (0x12B)
[0313/151753.675:ERROR:process_memory_win.cc(73)] ReadMemory at 0x7750e3ee of 512 bytes failed: 仅完成部分的 ReadProcessMemory 或 WriteProcessMemory 请求。 (0x12B)
[0313/151753.675:ERROR:process_memory_win.cc(73)] ReadMemory at 0x7750f16c of 512 bytes failed: 仅完成部分的 ReadProcessMemory 或 WriteProcessMemory 请求。 (0x12B)
[0313/151753.675:ERROR:process_memory_win.cc(73)] ReadMemory at 0x7750f59f of 967 bytes failed: 仅完成部分的 ReadProcessMemory 或 WriteProcessMemory 请求。 (0x12B)
[0313/151753.675:ERROR:process_memory_win.cc(73)] ReadMemory at 0x77510ca6 of 781 bytes failed: 仅完成部分的 ReadProcessMemory 或 WriteProcessMemory 请求。 (0x12B)
[0313/151753.675:ERROR:process_memory_win.cc(73)] ReadMemory at 0x77517872 of 512 bytes failed: 仅完成部分的 ReadProcessMemory 或 WriteProcessMemory 请求。 (0x12B)
[0313/151753.675:ERROR:process_memory_win.cc(73)] ReadMemory at 0x77518302 of 512 bytes failed: 仅完成部分的 ReadProcessMemory 或 WriteProcessMemory 请求。 (0x12B)
[0313/151753.675:ERROR:process_memory_win.cc(73)] ReadMemory at 0x7751a90e of 512 bytes failed: 仅完成部分的 ReadProcessMemory 或 WriteProcessMemory 请求。 (0x12B)
[0313/151753.675:ERROR:process_memory_win.cc(73)] ReadMemory at 0x7751b4d6 of 596 bytes failed: 仅完成部分的 ReadProcessMemory 或 WriteProcessMemory 请求。 (0x12B)
[0313/151753.675:ERROR:process_memory_win.cc(73)] ReadMemory at 0x7751c1f3 of 512 bytes failed: 仅完成部分的 ReadProcessMemory 或 WriteProcessMemory 请求。 (0x12B)
[0313/151753.675:ERROR:process_memory_win.cc(73)] ReadMemory at 0x7751c7db of 808 bytes failed: 仅完成部分的 ReadProcessMemory 或 WriteProcessMemory 请求。 (0x12B)
[0313/151753.675:ERROR:process_memory_win.cc(73)] ReadMemory at 0x7751cb29 of 512 bytes failed: 仅完成部分的 ReadProcessMemory 或 WriteProcessMemory 请求。 (0x12B)
[0313/151753.675:ERROR:process_memory_win.cc(73)] ReadMemory at 0x7751e31e of 512 bytes failed: 仅完成部分的 ReadProcessMemory 或 WriteProcessMemory 请求。 (0x12B)
[0313/151753.675:ERROR:process_memory_win.cc(73)] ReadMemory at 0x775208d9 of 512 bytes failed: 仅完成部分的 ReadProcessMemory 或 WriteProcessMemory 请求。 (0x12B)
[0313/151753.675:ERROR:process_memory_win.cc(73)] ReadMemory at 0x775219b0 of 1298 bytes failed: 仅完成部分的 ReadProcessMemory 或 WriteProcessMemory 请求。 (0x12B)
[0313/151753.675:ERROR:process_memory_win.cc(73)] ReadMemory at 0x77524b9e of 851 bytes failed: 仅完成部分的 ReadProcessMemory 或 WriteProcessMemory 请求。 (0x12B)
[0313/151753.675:ERROR:process_memory_win.cc(73)] ReadMemory at 0x7752c2af of 782 bytes failed: 仅完成部分的 ReadProcessMemory 或 WriteProcessMemory 请求。 (0x12B)
[0313/151753.675:ERROR:process_memory_win.cc(73)] ReadMemory at 0x7752d346 of 512 bytes failed: 仅完成部分的 ReadProcessMemory 或 WriteProcessMemory 请求。 (0x12B)
[0313/151753.675:ERROR:process_memory_win.cc(73)] ReadMemory at 0x77536dec of 1312 bytes failed: 仅完成部分的 ReadProcessMemory 或 WriteProcessMemory 请求。 (0x12B)
[0313/151753.675:ERROR:process_memory_win.cc(73)] ReadMemory at 0x77539080 of 512 bytes failed: 仅完成部分的 ReadProcessMemory 或 WriteProcessMemory 请求。 (0x12B)
[0313/151753.675:ERROR:process_memory_win.cc(73)] ReadMemory at 0x77539416 of 512 bytes failed: 仅完成部分的 ReadProcessMemory 或 WriteProcessMemory 请求。 (0x12B)
[0313/151753.675:ERROR:process_memory_win.cc(73)] ReadMemory at 0x7753af20 of 512 bytes failed: 仅完成部分的 ReadProcessMemory 或 WriteProcessMemory 请求。 (0x12B)
[0313/151753.676:ERROR:process_memory_win.cc(73)] ReadMemory at 0x7753b602 of 512 bytes failed: 仅完成部分的 ReadProcessMemory 或 WriteProcessMemory 请求。 (0x12B)
[0313/151753.676:ERROR:process_memory_win.cc(73)] ReadMemory at 0x7753f480 of 768 bytes failed: 仅完成部分的 ReadProcessMemory 或 WriteProcessMemory 请求。 (0x12B)
[0313/151753.676:ERROR:process_memory_win.cc(73)] ReadMemory at 0x7754ff80 of 512 bytes failed: 仅完成部分的 ReadProcessMemory 或 WriteProcessMemory 请求。 (0x12B)
[0313/151753.676:ERROR:process_memory_win.cc(73)] ReadMemory at 0x7755110d of 1004 bytes failed: 仅完成部分的 ReadProcessMemory 或 WriteProcessMemory 请求。 (0x12B)
[0313/151753.676:ERROR:process_memory_win.cc(73)] ReadMemory at 0x7755856f of 751 bytes failed: 仅完成部分的 ReadProcessMemory 或 WriteProcessMemory 请求。 (0x12B)
[0313/151753.676:ERROR:process_memory_win.cc(73)] ReadMemory at 0x7755a634 of 905 bytes failed: 仅完成部分的 ReadProcessMemory 或 WriteProcessMemory 请求。 (0x12B)
[0313/151753.676:ERROR:process_memory_win.cc(73)] ReadMemory at 0x77576826 of 571 bytes failed: 仅完成部分的 ReadProcessMemory 或 WriteProcessMemory 请求。 (0x12B)
[0313/151753.676:ERROR:process_memory_win.cc(73)] ReadMemory at 0x775d5148 of 528 bytes failed: 仅完成部分的 ReadProcessMemory 或 WriteProcessMemory 请求。 (0x12B)
[0313/151753.676:ERROR:process_memory_win.cc(73)] ReadMemory at 0x775ec310 of 24 bytes failed: 仅完成部分的 ReadProcessMemory 或 WriteProcessMemory 请求。 (0x12B)
[0313/151753.676:ERROR:process_memory_win.cc(73)] ReadMemory at 0x775ec70c of 32 bytes failed: 仅完成部分的 ReadProcessMemory 或 WriteProcessMemory 请求。 (0x12B)
[0313/151753.676:ERROR:process_memory_win.cc(73)] ReadMemory at 0x775ec7f0 of 512 bytes failed: 仅完成部分的 ReadProcessMemory 或 WriteProcessMemory 请求。 (0x12B)
[0313/151753.676:ERROR:process_memory_win.cc(73)] ReadMemory at 0x775eeb20 of 36 bytes failed: 仅完成部分的 ReadProcessMemory 或 WriteProcessMemory 请求。 (0x12B)
[0313/151753.676:ERROR:process_memory_win.cc(73)] ReadMemory at 0x775ef1e4 of 512 bytes failed: 仅完成部分的 ReadProcessMemory 或 WriteProcessMemory 请求。 (0x12B)
[0313/151753.676:ERROR:process_memory_win.cc(73)] ReadMemory at 0x775ef770 of 512 bytes failed: 仅完成部分的 ReadProcessMemory 或 WriteProcessMemory 请求。 (0x12B)
[0313/151753.676:ERROR:process_memory_win.cc(73)] ReadMemory at 0x775f42f0 of 512 bytes failed: 仅完成部分的 ReadProcessMemory 或 WriteProcessMemory 请求。 (0x12B)
[0313/151753.676:ERROR:process_memory_win.cc(73)] ReadMemory at 0x7a3e0000 of 384 bytes failed: 仅完成部分的 ReadProcessMemory 或 WriteProcessMemory 请求。 (0x12B)
[0313/151753.676:ERROR:process_memory_win.cc(73)] ReadMemory at 0x7a407540 of 704 bytes failed: 仅完成部分的 ReadProcessMemory 或 WriteProcessMemory 请求。 (0x12B)
[0313/151753.678:ERROR:scoped_process_suspend.cc(40)] NtResumeProcess: 已尝试访问正在退出的过程。 (0xc000010a)
